Mussel_ID;Time_Machine;Rep;Sensor_ID;Line_ID;Gt1_1;Window6(min);Gt1;Window1(min);Gt4;Window4(min);Gt5;Window5(min);Gt2;Window2(min);Gt3;Window3(min);Beaker_ID;Group;File_name;P_Status;Status;Length(mm);Intensity;Note
G65;14:55-15:25;1;B;1;0.149;0-30;0.143;0-30;0.154;5-30;0.176;10-30;0.0635;0-5;0.0634;0-10;1;CM;00000007.DAT;infected;infected;31,2;8;
B50;14:55-15:25;1;B;2;0.595;0-30;0.599;0-30;0.608;5-30;0.602;10-30;0.572 ;0-5;0.602;0-10;2;CM;00000007.DAT;uninfected;uninfected;33,9;0;
G21;14:55-15:25;1;B;4;0.263;0-30;0.264;0-30;0.221;5-30;0.192;10-30;0.477 ;0-5;0.408;0-10;3;HS;00000007.DAT;infected;infected;34;15;
B22;14:55-15:25;1;B;7;0.736;0-30;0.735;0-30;0.836;5-30;0.883;10-30;0.226 ;0-5;0.435;0-10;4;HS;00000007.DAT;uninfected;uninfected;30;0;
G83;14:55-15:25;1;A;1;0.561;0-30;0.548 ;0-30;0.571 ;5-30;0.635;10-30;0.422 ;0-5;0.369;0-10;5;HT;00000007.DAT;infected;infected;34;6;
B86;14:55-15:25;1;A;3;0.313;0-30;0.312;0-30;0.361;5-30;0.445;10-30;0.0599 ;0-5;0.0412;0-10;6;HT;00000007.DAT;uninfected;uninfected;30,1;0;
G59;14:55-15:25;1;A;4;0.594;0-30;0.588;0-30;0.668;5-30;0.689;10-30;0.184;0-5;0.382;0-10;7;Control;00000007.DAT;infected;infected;33;26;
B39;14:55-15:25;1;A;7;0.468;0-30;0.457;0-30;0.547;5-30;0.663;10-30;0.00337;0-5;0.0435;0-10;8;Control;00000007.DAT;uninfected;uninfected;31,9;0;
Y7;16:35-17:05;2;B;1;0.615;0-30;0.722;0-30;0.785;5-30;0.780;10-30;0.413 ;0-5;0.609;0-10;1;CM;00000008.DAT;infected;infected;31,2;9;
P40;16:35-17:05;2;B;2;0.513;0-30;0.453;0-30;0.514;5-30;0.555;10-30;0.146;0-5;0.248;0-10;2;CM;00000008.DAT;uninfected;uninfected;28,8;0;
Y28;16:35-17:05;2;B;4;0.395;0-30;0.392;0-30;0.465;5-30;0.576;10-30;0.00605;0-5;0.0143;0-10;3;HS;00000008.DAT;infected;infected;33,2;4;
P8;16:35-17:05;2;B;7;0.472;0-30;0.459;0-30;0.524;5-30;0.595;10-30;0.120 ;0-5;0.178;0-10;4;HS;00000008.DAT;uninfected;uninfected;34,2;0;
Y51;16:35-17:05;2;A;1;0.619;0-30;0.605;0-30;0.577;5-30;0.578;10-30;0.734 ;0-5;0.653 ;0-10;5;HT;00000008.DAT;infected;infected;34;4;
P37;16:35-17:05;2;A;3;0.355;0-30;0.348;0-30;0.412;5-30;0.513;10-30;0.00290;0-5;0.00668;0-10;6;HT;00000008.DAT;uninfected;uninfected;33;0;
Y32;16:35-17:05;2;A;4;0.413;0-30;0.410;0-30;0.489;5-30;0.611;10-30;0.00198;0-5;0.00258;0-10;7;Control;00000008.DAT;infected;infected;31,8;8;
P67;16:35-17:05;2;A;7;0.868;0-30;0.869;0-30;0.918;5-30;0.913;10-30;0.618  ;0-5;0.778;0-10;8;Control;00000008.DAT;uninfected;uninfected;32,9;0;
Y34;10:50-11:20;3;B;1;0.250;0-30;0.0952;0-30;0.0912;5-30;0.0852;10-30;0.117 ;0-5;0.116;0-10;1;CM;00000009.DAT;infected;infected;31,2;120;
B65;10:50-11:20;3;B;2;0.606;0-30;0.563;0-30;0.565;5-30;0.557;10-30;0.543 ;0-5;0.570;0-10;2;CM;00000009.DAT;uninfected;uninfected;33,5;0;
Y59;10:50-11:20;3;B;4;0.126;0-30;0.135 ;0-30;0.147;5-30;0.0950;10-30;0.0777;0-5;0.218;0-10;3;HS;00000009.DAT;infected;infected;33,3;6;
B35;10:50-11:20;3;B;7;0.242;0-30;0.206;0-30;0.123;5-30;0.0287;10-30;0.627 ;0-5;0.564;0-10;4;HS;00000009.DAT;uninfected;uninfected;28,2;0;
Y56;10:50-11:20;3;A;1;0.691;0-30;0.681;0-30;0.782 ;5-30;0.847 ;10-30; 0.164;0-5;0.344;0-10;5;HT;00000009.DAT;infected;infected;32;31;
B37;10:50-11:20;3;A;3;0.469;0-30;0.463;0-30;0.432 ;5-30;0.363;10-30;0.618;0-5;0.661;0-10;6;HT;00000009.DAT;uninfected;uninfected;32;0;
Y31;10:50-11:20;3;A;4;0.451;0-30;0.429;0-30;0.463;5-30;0.476;10-30;0.262;0-5;0.338;0-10;7;Control;00000009.DAT;infected;infected;29;8;
B12;10:50-11:20;3;A;7;0.573;0-30;0.590;0-30;0.563;5-30;0.541;10-30;0.733;0-5;0.692;0-10;8;Control;00000009.DAT;uninfected;uninfected;32,1;0;
G29;12:55-13:25;4;B;8;0.572;0-30;0.539;0-30;0.620;5-30;0.704;10-30;0.120 ;0-5;0.202;0-10;1;CM;00000010.DAT;infected;infected;34;11;
P63;12:55-13:25;4;B;2;0.469;0-30;0.469;0-30;0.504 ;5-30;0.539;10-30;0.289 ;0-5;0.328;0-10;2;CM;00000010.DAT;uninfected;uninfected;29,3;0;
G64;12:55-13:25;4;B;4;0.503;0-30;0.506;0-30;0.599;5-30;0.733;10-30;0.0282;0-5;0.0468;0-10;3;HS;00000010.DAT;infected;infected;32,4;46;
P27;12:55-13:25;4;B;7;0.585;0-30;0.583;0-30;0.675;5-30;0.769;10-30;0.111 ;0-5;0.204;0-10;4;HS;00000010.DAT;uninfected;uninfected;34;0;
G30;12:55-13:25;4;A;1;0.433;0-30;0.414;0-30;0.494;5-30;0.614;10-30;0.0121;0-5;0.0144;0-10;5;HT;00000010.DAT;infected;infected;31;20;
P10;12:55-13:25;4;A;3;0.569;0-30;0.625;0-30;0.616;5-30;0.556;10-30;0.682 ;0-5;0.769;0-10;6;HT;00000010.DAT;uninfected;uninfected;30;0;
G86;12:55-13:25;4;A;4;0.476;0-30;0.451;0-30;0.471;5-30;0.431;10-30;0.365;0-5;0.497;0-10;7;Control;00000010.DAT;infected;infected;31;17;
P62;12:55-13:25;4;A;7;0.793;0-30;0.796;0-30;0.806;5-30;0.775;10-30;0.760;0-5;0.845;0-10;8;Control;00000010.DAT;uninfected;uninfected;34;0;
Y19;14:50-15:20;5;B;8;0.641;0-30;0.635;0-30;0.726;5-30;0.771;10-30;0.183 ;0-5;0.364;0-10;1;CM;00000011.DAT;infected;infected;32,8;31;
P28;14:50-15:20;5;B;2;0.455;0-30;0.486;0-30;0.502;5-30;0.522;10-30;0.401;0-5;0.411;0-10;2;CM;00000011.DAT;uninfected;uninfected;30;0;
Y38;14:50-15:20;5;B;4;0.359;0-30;0.362;0-30;0.376;5-30;0.422;10-30;0.279 ;0-5;0.237;0-10;3;HS;00000011.DAT;infected;infected;32,2;9;
P58;14:50-15:20;5;B;7;0.466;0-30;0.453;0-30;0.540;5-30;0.670;10-30;0.00854;0-5;0.0139;0-10;4;HS;00000011.DAT;uninfected;uninfected;34,6;0;
Y58;14:50-15:20;5;A;1;0.511;0-30;0.478;0-30;0.514;5-30;0.561;10-30;0.308 ;0-5;0.317;0-10;5;HT;00000011.DAT;infected;infected;32,4;10;
P21;14:50-15:20;5;A;3;0.430;0-30;0.408;0-30;0.468;5-30;0.512;10-30;0.106;0-5;0.199;0-10;6;HT;00000011.DAT;uninfected;uninfected;34,8;0;
Y17;14:50-15:20;5;A;4;0.675;0-30;0.676;0-30;0.738;5-30;0.758;10-30;0.358 ;0-5;0.507;0-10;7;Control;00000011.DAT;infected;infected;29,1;30;
P35;14:50-15:20;5;A;7;0.429;0-30;0.430;0-30;0.367;5-30;0.277;10-30;0.754;0-5;0.742;0-10;8;Control;00000011.DAT;uninfected;uninfected;30,8;0;
Y12;16:15-16:45;6;B;8;0.433;0-30;0.434;0-25;0.401;5-30;0.325;10-30;0.569 ;0-5;0.605;0-10;1;CM;00000012.DAT;infected;infected;34,8;401;25min
B96;16:15-16:45;6;B;2;0.443;0-30;0.421;0-25;0.519;5-30;0.659;10-30;0.0173;0-5;0.0502;0-10;2;CM;00000012.DAT;uninfected;uninfected;34,9;0;25min
Y39;16:15-16:45;6;B;4;0.762;0-30;0.762 ;0-25;0.881;5-30;0.934 ;10-30;0.268 ;0-5;0.492;0-10;3;HS;00000012.DAT;infected;infected;30;5;25min
B99;16:15-16:45;6;B;7;0.694;0-30;0.663;0-25;0.771;5-30;0.770;10-30;0.218 ;0-5;0.495;0-10;4;HS;00000012.DAT;uninfected;uninfected;31;0;25min
Y36;16:15-16:45;6;A;1;0.657;0-30;0.674;0-30;0.682;5-30;0.621;10-30;0.635;0-5;0.773;0-10;5;HT;00000012.DAT;infected;infected;31,1;4;
B21;16:15-16:45;6;A;3;0.387;0-30;0.350;0-30;0.421;5-30;0.493 ;10-30;0.0116;0-5;0.0801;0-10;6;HT;00000012.DAT;uninfected;uninfected;32,1;0;
Y20;16:15-16:45;6;A;4;0.684;0-30;0.696;0-30;0.781;5-30;0.832;10-30;0.290 ;0-5;0.439;0-10;7;Control;00000012.DAT;infected;infected;34,3;4;
B60;16:15-16:45;6;A;7;0.579;0-30;0.673;0-30;0.671;5-30;0.657;10-30;0.681 ;0-5;0.702;0-10;8;Control;00000012.DAT;uninfected;uninfected;32,1;0;
G61;11:15-11:45;7;B;8;0.547;0-30;0.560;0-30;0.497;5-30;0.439;10-30;0.879 ;0-5;0.805;0-10;1;CM;00000013.DAT;infected;infected;34,7;13;
P7;11:15-11:45;7;B;2;0.245;0-30;0.240;0-30;0.258;5-30;0.304;10-30;0.140 ;0-5;0.108;0-10;2;CM;00000013.DAT;uninfected;uninfected;30,8;0;
G62;11:15-11:45;7;B;4;0.407;0-30;0.403;0-30;0.481;5-30;0.599;10-30;0.00486;0-5;0.00781;0-10;3;HS;00000013.DAT;infected;infected;32,3;7;
P38;11:15-11:45;7;B;7;0.615;0-30;0.610;0-30;0.714;5-30;0.800;10-30; 0.0844 ;0-5;0.228;0-10;4;HS;00000013.DAT;uninfected;uninfected;34,6;0;
G13;11:15-11:45;7;A;1;0.678;0-30;0.667;0-30;0.771;5-30;0.819 ;10-30;0.139 ;0-5;0.358 ;0-10;5;HT;00000013.DAT;infected;infected;32,9;14;
P70;11:15-11:45;7;A;3;0.463;0-30;0.427;0-30;0.512;5-30;0.604;10-30;0.0114;0-5;0.0782;0-10;6;HT;00000013.DAT;uninfected;uninfected;34;0;
G82;11:15-11:45;7;A;4;0.683;0-30;0.705;0-30;0.763;5-30;0.748;10-30;0.412 ;0-5;0.618;0-10;7;Control;00000013.DAT;infected;infected;29,5;18;
P88;11:15-11:45;7;A;7;0.714;0-30;0.704;0-30;0.805;5-30;0.826;10-30;0.201;0-5;0.461;0-10;8;Control;00000013.DAT;uninfected;uninfected;33,5;0;
G69;12:35-13:05;8;B;8;0.523;0-30;0.532;0-30;0.614;5-30;0.689;10-30;0.112 ;0-5;0.214;0-10;1;CM;00000014.DAT;infected;infected;34,9;16;
B49;12:35-13:05;8;B;2;0.136;0-30;0.111;0-30;0.133;5-30;0.165;10-30;0.00157;0-5;0.00214;0-10;2;CM;00000014.DAT;uninfected;uninfected;32,1;0;
G76;12:35-13:05;8;B;4;0.278;0-30;0.236;0-30;0.271;5-30;0.323;10-30;0.0543 ;0-5;0.0566 ;0-10;3;HS;00000014.DAT;infected;infected;33,3;6;
B85;12:35-13:05;8;B;7;0.633;0-30;0.594;0-30;0.694;5-30;0.709;10-30;0.106 ;0-5;0.370;0-10;4;HS;00000014.DAT;uninfected;uninfected;31,6;0;
G51;12:35-13:05;8;A;1;0.573;0-30;0.557;0-30;0.649;5-30;0.703;10-30;0.0900 ;0-5;0.2595499;0-10;5;HT;00000014.DAT;infected;infected;34;16;
B91;12:35-13:05;8;A;3;0.122;0-30;0.127;0-30;0.143;5-30;0.174;10-30;0.0205 ;0-5;0.01788241;0-10;6;HT;00000014.DAT;uninfected;uninfected;30,8;0;
G75;12:35-13:05;8;A;4;0.729;0-30;0.732;0-30;0.767;5-30;0.804;10-30;0.547 ;0-5;0.5828856;0-10;7;Control;00000014.DAT;infected;infected;28,3;5;
B28;12:35-13:05;8;A;7;0.533;0-30;0.524;0-30;0.626 ;5-30;0.773;10-30;0.000655;0-5;0.01880505;0-10;8;Control;00000014.DAT;uninfected;uninfected;31,5;0;
Y46;14:00-14:30;9;B;8;0.473;0-30;0.471;0-30;0.562;5-30;0.622;10-30;0.0169 ;0-5;0.169;0-10;1;CM;00000015.DAT;infected;infected;33,5;2;
B81;14:00-14:30;9;B;2;0.166;0-30;0.152;0-30;0.180;5-30;0.223;10-30;0.00158;0-5;0.00316 ;0-10;2;CM;00000015.DAT;uninfected;uninfected;33,4;0;
Y40;14:00-14:30;9;B;4;0.530;0-30;0.525 ;0-30;0.565;5-30;0.593 ;10-30;0.316;0-5;0.384;0-10;3;HS;00000015.DAT;infected;infected;30,6;14;
B51;14:00-14:30;9;B;7;0.498;0-30;0.477;0-30;0.442;5-30;0.342;10-30; 0.668  ;0-5;0.757;0-10;4;HS;00000015.DAT;uninfected;uninfected;34,9;0;
Y88;14:00-14:30;9;A;1;0.286;0-30;0.282 ;0-30;0.330 ;5-30;0.411;10-30;0.0146 ;0-5;0.0112 ;0-10;5;HT;00000015.DAT;infected;infected;31,6;15;
B80;14:00-14:30;9;A;3;0.616;0-30;0.613;0-30;0.733;5-30;0.892;10-30;0.000896;0-5;0.0478;0-10;6;HT;00000015.DAT;uninfected;uninfected;28,7;0;
Y3;14:00-14:30;9;A;4;0.404;0-30;0.405;0-30;0.311;5-30;0.241;10-30;0.887;0-5;0.737;0-10;7;Control;00000015.DAT;infected;infected;32,2;17;
B75;14:00-14:30;9;A;7;0.259;0-30;0.260;0-30;0.160;5-30;0.120;10-30;0.760 ;0-5;0.541;0-10;8;Control;00000015.DAT;uninfected;uninfected;31,1;0;
G52;15:35-16:05;10;B;8;0.634;0-30;0.634;0-30;0.710;5-30;0.784;10-30;0.242;0-5;0.328;0-10;1;CM;00000016.DAT;infected;infected;31,5;8;
P22;15:35-16:05;10;B;2;0.371;0-30;0.371 ;0-30;0.359;5-30;0.359;10-30;0.423;0-5;0.389;0-10;2;CM;00000016.DAT;uninfected;uninfected;35;0;
G10;15:35-16:05;10;B;4;0.487;0-30;0.552;0-30;0.513;5-30;0.455;10-30;0.756;0-5;0.751;0-10;3;HS;00000016.DAT;infected;infected;33;6;
P6;15:35-16:05;10;B;7;0.413;0-30;0.405;0-30;0.474;5-30;0.544;10-30;0.0395;0-5;0.115;0-10;4;HS;00000016.DAT;uninfected;uninfected;33;0;
G37;15:35-16:05;10;A;1;0.627;0-30;0.624;0-30;0.592 ;5-30;0.515;10-30;0.803 ;0-5;0.852;0-10;5;HT;00000016.DAT;infected;infected;29,4;10;
P51;15:35-16:05;10;A;3;0.588;0-30;0.554;0-30;0.623;5-30;0.677;10-30;0.203 ;0-5;0.306;0-10;6;HT;00000016.DAT;uninfected;uninfected;31;0;
G5;15:35-16:05;10;A;4;0.522;0-30;0.538;0-30;0.507;5-30;0.510;10-30;0.691 ;0-5;0.591;0-10;7;Control;00000016.DAT;infected;infected;28,5;15;
P60;15:35-16:05;10;A;7;0.482;0-30;0.468 ;0-30;0.545;5-30;0.630;10-30;0.0723;0-5;0.137;0-10;8;Control;00000016.DAT;uninfected;uninfected;29,3;0;
G98;16:55-17:25;11;B;8;0.495;0-30;0.376;0-30;0.382;5-30;0.362;10-30;0.359;0-5;0.411;0-10;1;CM;00000017.DAT;infected;infected;33,6;12;
B11;16:55-17:25;11;B;2;0.680;0-30;0.342;0-30;0.340;5-30;0.325;10-30;0.358;0-5;0.379;0-10;2;CM;00000017.DAT;uninfected;uninfected;33,5;0;
G18;16:55-17:25;11;B;4;0.302;0-30;0.310 ;0-30;0.337;5-30;0.392;10-30;0.148;0-5;0.133;0-10;3;HS;00000017.DAT;infected;infected;33;11;
B55;16:55-17:25;11;B;7;0.688;0-30;0.681;0-30;0.761;5-30;0.762;10-30;0.283;0-5;0.521;0-10;4;HS;00000017.DAT;uninfected;uninfected;33,6;0;
G89;16:55-17:25;11;A;1;0.485;0-30;0.489;0-30;0.401;5-30;0.335;10-30;0.947;0-5;0.804;0-10;5;HT;00000017.DAT;infected;infected;29;2;
B47;16:55-17:25;11;A;3;0.548;0-30;0.602;0-30;0.651;5-30;0.680;10-30;0.353;0-5;0.444;0-10;6;HT;00000017.DAT;uninfected;uninfected;28,9;0;
G81;16:55-17:25;11;A;4;0.745;0-30;0.748;0-30;0.817;5-30;0.799;10-30;0.404;0-5;0.646;0-10;7;Control;00000017.DAT;infected;infected;30;18;
B74;16:55-17:25;11;A;7;0.705;0-30;0.695;0-30;0.805;5-30;0.776;10-30;0.146;0-5;0.535;0-10;8;Control;00000017.DAT;uninfected;uninfected;32,5;0;
G77;11:00-11:30;12;B;8;0.541;0-30;0.545;0-30;0.558;5-30;0.568;10-30;0.478;0-5;0.498;0-10;1;CM;00000018.DAT;infected;infected;33,2;33;
B87;11:00-11:30;12;B;2;0.192;0-30;0.172;0-30;0.196;5-30;0.237;10-30;0.0457;0-5;0.0400;0-10;2;CM;00000018.DAT;uninfected;uninfected;34,9;0;
G7;11:00-11:30;12;B;6;0.474;0-30;0.431;0-30;0.367;5-30;0.295;10-30;0.762 ;0-5;0.709 ;0-10;3;HS;00000018.DAT;infected;infected;34,2;2;
B15;11:00-11:30;12;B;7;0.624;0-30;0.621;0-30;0.673;5-30;0.660;10-30;0.358 ;0-5;0.543;0-10;4;HS;00000018.DAT;uninfected;uninfected;34,2;0;
G49;11:00-11:30;12;A;1;0.607;0-30;0.595;0-30;0.683;5-30;0.685;10-30;0.158  ;0-5;0.415 ;0-10;5;HT;00000018.DAT;infected;infected;33,7;6;
B83;11:00-11:30;12;A;3;0.339;0-30;0.341;0-30;0.404;5-30;0.499 ;10-30;0.00964;0-5;0.0172;0-10;6;HT;00000018.DAT;uninfected;uninfected;30,9;0;
G43;11:00-11:30;12;A;4;0.746;0-30;0.739;0-30;0.722 ;5-30;0.667;10-30;0.835 ;0-5;0.888 ;0-10;7;Control;00000018.DAT;infected;infected;33,1;26;
B31;11:00-11:30;12;A;7;0.473;0-30;0.472;0-30;0.542;5-30;0.558;10-30;0.119 ;0-5;0.298;0-10;8;Control;00000018.DAT;uninfected;uninfected;30,2;0;
G4;12:25-12:55;13;B;8;0.593;0-30;0.572;0-30;0.619;5-30;0.696;10-30;0.326;0-5;0.319;0-10;1;CM;00000019.DAT;infected;infected;32,5;27;
B63;12:25-12:55;13;B;2;0.540;0-30;0.538;0-30;0.598;5-30;0.623;10-30;0.241;0-5;0.368;0-10;2;CM;00000019.DAT;uninfected;uninfected;34,8;0;
G6;12:25-12:55;13;B;6;0.253;0-30;0.250;0-30;0.250;5-30;0.307;10-30;0.235;0-5;0.128;0-10;3;HS;00000019.DAT;infected;infected;28,6;22;
B66;12:25-12:55;13;B;7;0.657;0-30;0.655;0-30;0.736;5-30;0.784;10-30;0.242;0-5;0.394;0-10;4;HS;00000019.DAT;uninfected;uninfected;33,5;0;
G70;12:25-12:55;13;A;1;0.252;0-30;0.249;0-30;0.291;5-30;0.353;10-30;0.0245;0-5;0.0342 ;0-10;5;HT;00000019.DAT;infected;infected;30;8;
B71;12:25-12:55;13;A;3;0.266;0-30;0.233;0-30;0.271;5-30;0.335;10-30;0.0163;0-5;0.0142 ;0-10;6;HT;00000019.DAT;uninfected;uninfected;30,8;0;
G92;12:25-12:55;13;A;4;0.634;0-30;0.639;0-30;0.608;5-30;0.633;10-30;0.790;0-5;0.649;0-10;7;Control;00000019.DAT;infected;infected;33,5;70;
B38;12:25-12:55;13;A;7;0.697;0-30;0.708;0-30;0.795;5-30;0.884;10-30;0.266 ;0-5;0.353;0-10;8;Control;00000019.DAT;uninfected;uninfected;30,9;0;
Y53;13:50-14:20;14;B;8;0.282;0-30;0.193;0-30;0.201;5-30;0.238;10-30;0.146 ;0-5;0.0993;0-10;1;CM;00000020.DAT;infected;infected;30,4;2;
B23;13:50-14:20;14;B;2;0.464;0-30;0.417;0-30;0.478;5-30;0.564;10-30;0.0948;0-5;0.115;0-10;2;CM;00000020.DAT;uninfected;uninfected;30,8;0;
Y85;13:50-14:20;14;B;6;0.418;0-30;0.412;0-30;0.487;5-30;0.594;10-30;0.0169;0-5;0.0370;0-10;3;HS;00000020.DAT;infected;infected;30,4;17;
B72;13:50-14:20;14;B;7;0.371;0-30;0.264;0-30;0.207;5-30;0.175;10-30;0.557;0-5;0.445;0-10;4;HS;00000020.DAT;uninfected;uninfected;31,2;0;
Y83;13:50-14:20;14;A;1;0.656;0-30;0.657;0-30;0.629;5-30;0.556 ;10-30;0.814 ;0-5;0.867;0-10;5;HT;00000020.DAT;infected;infected;33,2;27;
B90;13:50-14:20;14;A;3;0.652;0-30;0.617;0-30;0.672;5-30;0.682 ;10-30;0.341;0-5;0.486;0-10;6;HT;00000020.DAT;uninfected;uninfected;33,8;0;
Y4;13:50-14:20;14;A;7;0.341;0-30;0.332;0-30;0.386;5-30;0.449;10-30;0.0587;0-5;0.0966;0-10;7;Control;00000020.DAT;infected;infected;29,3;9;
B77;13:50-14:20;14;A;4;0.340;0-30;0.382;0-30;0.327;5-30;0.212;10-30;0.658;0-5;0.723;0-10;8;Control;00000020.DAT;uninfected;uninfected;28,6;0;
G54;15:10-15:40;15;B;8;0.699;0-30;0.707;0-30;0.697;5-30;0.648;10-30;0.772 ;0-5;0.832;0-10;1;CM;00000021.DAT;infected;infected;31;6;
P61;15:10-15:40;15;B;2;0.491;0-30;0.493;0-30;0.585;5-30;0.602;10-30;0.0345;0-5;0.276;0-10;2;CM;00000021.DAT;uninfected;uninfected;33,5;0;
G28;15:10-15:40;15;B;6;0.690;0-30;0.692;0-30;0.775;5-30;0.784;10-30;0.278 ;0-5;0.508;0-10;3;HS;00000021.DAT;infected;infected;31,1;17;
P83;15:10-15:40;15;B;7;0.773;0-30;0.776;0-30;0.766;5-30;0.727;10-30;0.831 ;0-5;0.879;0-10;4;HS;00000021.DAT;uninfected;uninfected;31,1;0;
G12;15:10-15:40;15;A;1;0.0822;0-30;0.0696;0-30;0.0765;5-30;0.0874 ;10-30;0.0242;0-5;0.0285 ;0-10;5;HT;00000021.DAT;infected;infected;33,4;37;
P43;15:10-15:40;15;A;3;0.654;0-30;0.425;0-30;0.501;5-30;0.513;10-30;0.0436;0-5;0.247;0-10;6;HT;00000021.DAT;uninfected;uninfected;30,8;0;
G94;15:10-15:40;15;A;4;0.391;0-30;0.422;0-30;0.440;5-30;0.452;10-30;0.319 ;0-5;0.357;0-10;7;Control;00000021.DAT;infected;infected;34;19;
P29;15:10-15:40;15;A;7;0.719;0-30;0.719;0-30;0.853;5-30;0.975;10-30;0.0407;0-5;0.202;0-10;8;Control;00000021.DAT;uninfected;uninfected;34,1;0;
Y37;16:45-17:15;16;B;8;0.507;0-30;0.467;0-30;0.446;5-30;0.489;10-30;0.565;0-5;0.418;0-10;1;CM;00000022.DAT;infected;infected;28,9;2;
P45;16:45-17:15;16;B;2;0.360;0-30;0.303;0-30;0.210;5-30;0.132;10-30;0.772 ;0-5;0.647;0-10;2;CM;00000022.DAT;uninfected;uninfected;33,7;0;
G53;16:45-17:15;16;B;6;0.462;0-30;0.461;0-30;0.546 ;5-30;0.634;10-30;0.0206;0-5;0.107;0-10;3;HS;00000022.DAT;infected;infected;32,2;3;
P84;16:45-17:15;16;B;7;0.489;0-30;0.464;0-30;0.548;5-30;0.624;10-30;0.0413;0-5;0.143;0-10;4;HS;00000022.DAT;uninfected;uninfected;30,4;0;
G84;16:45-17:15;16;A;1;0.628;0-30;0.627;0-30;0.744 ;5-30;0.791;10-30;0.0348;0-5;0.296;0-10;5;HT;00000022.DAT;infected;infected;33,3;13;
P23;16:45-17:15;16;A;3;0.586;0-30;0.614;0-30;0.596;5-30;0.510 ;10-30;0.723;0-5;0.832;0-10;6;HT;00000022.DAT;uninfected;uninfected;34,5;0;
G68;16:45-17:15;16;A;4;0.458;0-30;0.454;0-30;0.374 ;5-30;0.246;10-30;0.868 ;0-5;0.879;0-10;7;Control;00000022.DAT;infected;infected;32,1;4;
P41;16:45-17:15;16;A;7;0.705;0-30;0.702;0-30;0.708;5-30;0.696;10-30;0.675;0-5;0.715;0-10;8;Control;00000022.DAT;uninfected;uninfected;28,9;0;
G58;10:55-11:25;17;B;8;0.121;0-30;0.116;0-30;0.125;5-30;0.149;10-30;0.0412;0-5;0.0343;0-10;1;CM;00000023.DAT;infected;infected;33,5;10;
P17;10:55-11:25;17;B;2;0.210;0-30;0.200;0-30;0.231;5-30;0.279;10-30;0.0233;0-5;0.0309;0-10;2;CM;00000023.DAT;uninfected;uninfected;29,1;0;
G27;10:55-11:25;17;B;6;0.585;0-30;0.572;0-30;0.505;5-30;0.422;10-30;0.929 ;0-5;0.882;0-10;3;HS;00000023.DAT;infected;infected;28,1;7;
P64;10:55-11:25;17;B;7;0.405;0-30;0.387;0-30;0.344;5-30;0.300 ;10-30;0.606 ;0-5;0.564;0-10;4;HS;00000023.DAT;uninfected;uninfected;30,6;0;
G39;10:55-11:25;17;A;1;0.504;0-30;0.500;0-30;0.576;5-30;0.690 ;10-30;0.111;0-5;0.116;0-10;5;HT;00000023.DAT;infected;infected;31;13;
P33;10:55-11:25;17;A;3;0.421;0-30;0.356;0-30;0.294;5-30;0.213 ;10-30;0.668;0-5;0.643;0-10;6;HT;00000023.DAT;uninfected;uninfected;29,8;0;
G19;10:55-11:25;17;A;4;0.575;0-30;0.519;0-30;0.530;5-30;0.517;10-30;0.459;0-5;0.521 ;0-10;7;Control;00000023.DAT;infected;infected;34,1;33;
P56;10:55-11:25;17;A;8;0.371;0-30;0.362;0-30;0.349;5-30;0.394;10-30;0.414;0-5;0.291;0-10;8;Control;00000023.DAT;uninfected;uninfected;28,4;0;
Y82;12:20-12:50;18;B;8;0.742;0-30;0.730;0-30;0.825;5-30;0.862;10-30;0.246 ;0-5;0.462;0-10;1;CM;00000024.DAT;infected;infected;32,4;13;
B59;12:20-12:50;18;B;2;0.624;0-30;0.562;0-30;0.558;5-30;0.544;10-30;0.575;0-5;0.596;0-10;2;CM;00000024.DAT;uninfected;uninfected;30;0;
Y77;12:20-12:50;18;B;6;0.547;0-30;0.542;0-30;0.631;5-30;0.682;10-30;0.0908;0-5;0.259;0-10;3;HS;00000024.DAT;infected;infected;29;3;
B95;12:20-12:50;18;B;7;0.529;0-30;0.516;0-30;0.567;5-30;0.605;10-30;0.247;0-5;0.330;0-10;4;HS;00000024.DAT;uninfected;uninfected;31,1;0;
Y72;12:20-12:50;18;A;1;0.681;0-30;0.675;0-30;0.701;5-30;0.686;10-30;0.549 ;0-5;0.654;0-10;5;HT;00000024.DAT;infected;infected;30,4;27;
B44;12:20-12:50;18;A;3;0.277;0-30;0.271;0-30;0.319;5-30;0.398;10-30;0.00333;0-5;0.00441;0-10;6;HT;00000024.DAT;uninfected;uninfected;30,8;0;
Y62;12:20-12:50;18;A;4;0.611;0-30;0.616;0-30;0.687;5-30;0.731;10-30;0.266;0-5;0.387;0-10;7;Control;00000024.DAT;infected;infected;30;9;
B69;12:20-12:50;18;A;8;0.748;0-30;0.740;0-30;0.854;5-30;0.837;10-30;0.160 ;0-5;0.542;0-10;8;Control;00000024.DAT;uninfected;uninfected;31,2;0;
Y57;13:55-14:25;19;B;1;0.533;0-30;0.547;0-30;0.626;5-30;0.689;10-30;0.150 ;0-5;0.263;0-10;1;CM;00000025.DAT;infected;infected;33;12;
B70;13:55-14:25;19;B;2;0.329;0-30;0.329;0-30;0.365;5-30;0.314;10-30;0.151 ;0-5;0.360;0-10;2;CM;00000025.DAT;uninfected;uninfected;30,9;0;
Y35;13:55-14:25;19;B;6;0.355;0-30;0.355;0-30;0.401;5-30;0.499;10-30;0.111 ;0-5;0.0595;0-10;3;HS;00000025.DAT;infected;infected;31,2;12;
B19;13:55-14:25;19;B;7;0.226;0-30;0.227 ;0-30;0.256;5-30;0.315 ;10-30;0.0532;0-5;0.0370;0-10;4;HS;00000025.DAT;uninfected;uninfected;32,2;0;
Y16;13:55-14:25;19;A;1;0.212;0-30;0.212;0-30;0.250;5-30;0.307;10-30;0.0116;0-5;0.0155 ;0-10;5;HT;00000025.DAT;infected;infected;34,7;2;
B34;13:55-14:25;19;A;3;0.440;0-30;0.367;0-30;0.405;5-30;0.433;10-30;0.174 ;0-5;0.233;0-10;6;HT;00000025.DAT;uninfected;uninfected;33,5;0;
Y41;13:55-14:25;19;A;4;0.643;0-30;0.631;0-30;0.756;5-30;0.778;10-30;0.0115;0-5;0.339 ;0-10;7;Control;00000025.DAT;infected;infected;30;6;
B79;13:55-14:25;19;A;8;0.621;0-30;0.491;0-30;0.494;5-30;0.466;10-30;0.460 ;0-5;0.532;0-10;8;Control;00000025.DAT;uninfected;uninfected;30,2;0;
G17;15:15-15:45;20;B;1;0.493;0-30;0.469;0-30;0.525;5-30;0.643;10-30;0.00930;0-5;0.0305 ;0-10;1;CM;00000026.DAT;infected;infected;32;12;
P32;15:15-15:45;20;B;2;0.468;0-30;0.352;0-30;0.328;5-30;0.342;10-30;0.425;0-5;0.350;0-10;2;CM;00000026.DAT;uninfected;uninfected;30,3;0;
G14;15:15-15:45;20;B;6;0.388;0-30;0.373;0-30;0.488;5-30;0.515 ;10-30;0.132  ;0-5;0.255;0-10;3;HS;00000026.DAT;infected;infected;34,1;2;
P55;15:15-15:45;20;B;7;0.581;0-30;0.577;0-30;0.691;5-30;0.780;10-30;0.00854;0-5;0.172;0-10;4;HS;00000026.DAT;uninfected;uninfected;31,8;0;
G46;15:15-15:45;20;A;1;0.596;0-30;0.591 ;0-30;0.547 ;5-30;0.539 ;10-30;0.815;0-5;0.698 ;0-10;5;HT;00000026.DAT;infected;infected;28,3;100;
P3;15:15-15:45;20;A;3;0.202;0-30;0.200;0-30;0.238;5-30;0.296 ;10-30;0.00150;0-5;0.00372 ;0-10;6;HT;00000026.DAT;uninfected;uninfected;34,4;0;
G63;15:15-15:45;20;A;4;0.588;0-30;0.574;0-30;0.626;5-30;0.666;10-30;0.310;0-5;0.387;0-10;7;Control;00000026.DAT;infected;infected;33,4;3;
P26;15:15-15:45;20;A;8;0.480;0-30;0.457;0-30;0.501;5-30;0.528;10-30;0.238;0-5;0.316;0-10;8;Control;00000026.DAT;uninfected;uninfected;34;0;
G44;16:35-17:05;21;B;1;0.494;0-30;0.482;0-30;0.571;5-30;0.526;10-30;0.0470;0-5;0.399;0-10;1;CM;00000027.DAT;infected;uninfected;34,4;0;
B89;16:35-17:05;21;B;2;0.323;0-30;0.311;0-30;0.347;5-30;0.374;10-30;0.113;0-5;0.176;0-10;2;CM;00000027.DAT;uninfected;uninfected;32,1;0;
Y49;16:35-17:05;21;B;6;0.375;0-30;0.374;0-30;0.391;5-30;0.408;10-30;0.290 ;0-5;0.307;0-10;3;HS;00000027.DAT;infected;infected;32,4;2;
B16;16:35-17:05;21;B;7;0.512;0-30;0.534 ;0-30;0.465;5-30;0.421;10-30;0.884 ;0-5;0.763;0-10;4;HS;00000027.DAT;uninfected;uninfected;30,6;0;
Y23;16:35-17:05;21;A;1;0.692;0-30;0.725 ;0-30;0.734;5-30;0.708;10-30;0.674 ;0-5;0.756;0-10;5;HT;00000027.DAT;infected;infected;34,8;8;
B56;16:35-17:05;21;A;3;0.255;0-30;0.0932;0-30;0.107 ;5-30;0.122;10-30;0.0270;0-5;0.0365;0-10;6;HT;00000027.DAT;uninfected;uninfected;34,6;0;
Y81;16:35-17:05;21;A;4;0.396;0-30;0.430;0-30;0.462;5-30;0.466;10-30;0.265 ;0-5;0.356;0-10;7;Control;00000027.DAT;infected;infected;33,1;18;
B78;16:35-17:05;21;A;8;0.611;0-30;0.606;0-30;0.714;5-30;0.740;10-30;0.0598;0-5;0.333;0-10;8;Control;00000027.DAT;uninfected;uninfected;34,2;0;
Y14;10:55-11:25;22;B;1;0.340;0-30;0.323;0-30;0.381;5-30;0.464;10-30;0.0172;0-5;0.0348;0-10;1;CM;00000028.DAT;infected;infected;34,6;4;
P44;10:55-11:25;22;B;2;0.407;0-30;0.407;0-30;0.402;5-30;0.403;10-30;0.433;0-5;0.417;0-10;2;CM;00000028.DAT;uninfected;uninfected;33,4;0;
Y63;10:55-11:25;22;B;6;0.471;0-30;0.470;0-30;0.543;5-30;0.644;10-30;0.101 ;0-5;0.120;0-10;3;HS;00000028.DAT;infected;infected;30,6;8;
P4;10:55-11:25;22;B;7;0.404;0-30;0.394;0-30;0.467;5-30;0.551;10-30;0.0126;0-5;0.0714;0-10;4;HS;00000028.DAT;uninfected;uninfected;28,9;0;
Y67;10:55-11:25;22;A;1;0.388;0-30;0.342;0-30;0.360 ;5-30;0.389 ;10-30;0.239 ;0-5;0.242;0-10;5;HT;00000028.DAT;infected;infected;31,7;96;
P86;10:55-11:25;22;A;3;0.798;0-30;0.798;0-30;0.859;5-30;0.947;10-30;0.489 ;0-5;0.497;0-10;6;HT;00000028.DAT;uninfected;uninfected;33,8;0;
Y45;10:55-11:25;22;A;4;0.462;0-30;0.464;0-30;0.366;5-30;0.271 ;10-30;0.962;0-5;0.853;0-10;7;Control;00000028.DAT;infected;infected;32;3;
P57;10:55-11:25;22;A;8;0.540;0-30;0.539;0-30;0.643;5-30;0.786;10-30;0.00138;0-5;0.0357;0-10;8;Control;00000028.DAT;uninfected;uninfected;30;0;
G80;12:20-12:50;23;B;1;0.390;0-30;0.388;0-30;0.447;5-30;0.468;10-30;0.0954 ;0-5;0.229;0-10;1;CM;00000029.DAT;infected;infected;32;7;
B54;12:20-12:50;23;B;2;0.384;0-30;0.374;0-30;0.396;5-30;0.387;10-30;0.268;0-5;0.350;0-10;2;CM;00000029.DAT;uninfected;uninfected;34,4;0;
G26;12:20-12:50;23;B;6;0.403;0-30;0.404;0-30;0.480;5-30;0.596;10-30;0.00275;0-5;0.00976;0-10;3;HS;00000029.DAT;infected;infected;33,6;4;
B68;12:20-12:50;23;B;7;0.743;0-30;0.729;0-30;0.838;5-30;0.924;10-30;0.175;0-5;0.335;0-10;4;HS;00000029.DAT;uninfected;uninfected;34,8;0;
G11;12:20-12:50;23;A;1;0.275;0-30;0.257 ;0-30;0.302;5-30;0.316 ;10-30;0.0267;0-5;0.138 ;0-10;5;HT;00000029.DAT;infected;infected;32;1;
B93;12:20-12:50;23;A;3;0.392;0-30;0.287;0-30;0.330;5-30;0.378;10-30;0.0468;0-5;0.0920;0-10;6;HT;00000029.DAT;uninfected;uninfected;34,9;0;
G35;12:20-12:50;23;A;4;0.518;0-30;0.521;0-30;0.562;5-30;0.506 ;10-30;0.313;0-5;0.551;0-10;7;Control;00000029.DAT;infected;infected;34,2;30;
B73;12:20-12:50;23;A;8;0.790;0-30;0.800;0-30;0.845;5-30;0.865;10-30;0.570;0-5;0.667;0-10;8;Control;00000029.DAT;uninfected;uninfected;34,4;0;
Y69;13:35-14:05;24;B;1;0.322;0-30;0.243;0-30;0.252;5-30;0.271;10-30;0.171;0-5;0.174;0-10;1;CM;00000030.DAT;infected;infected;33,5;11;
P11;13:35-14:05;24;B;2;0.211;0-30;0.192;0-30;0.216 ;5-30;0.255;10-30;0.0483;0-5;0.0528;0-10;2;CM;00000030.DAT;uninfected;uninfected;34;0;
Y18;13:35-14:05;24;B;6;0.584;0-30;0.531;0-30;0.587;5-30;0.588;10-30;0.249 ;0-5;0.415;0-10;3;HS;00000030.DAT;infected;infected;31,5;16;
P31;13:35-14:05;24;B;7;0.453;0-30;0.386;0-30;0.438;5-30;0.522;10-30;0.115;0-5;0.109;0-10;4;HS;00000030.DAT;uninfected;uninfected;33;0;
Y10;13:35-14:05;24;A;1;0.434;0-30;0.422;0-30;0.399 ;5-30;0.377;10-30;0.545;0-5;0.514;0-10;5;HT;00000030.DAT;infected;infected;33,7;4;
P14;13:35-14:05;24;A;3;0.722;0-30;0.734;0-30;0.715;5-30;0.735 ;10-30;0.852;0-5;0.744;0-10;6;HT;00000030.DAT;uninfected;uninfected;33,9;0;
Y87;13:35-14:05;24;A;4;0.493;0-30;0.478;0-30;0.539;5-30;0.579;10-30;0.155;0-5;0.268;0-10;7;Control;00000030.DAT;infected;infected;34;20;
P5;13:35-14:05;24;A;8;0.644;0-30;0.620;0-30;0.659;5-30;0.685;10-30;0.413;0-5;0.484;0-10;8;Control;00000030.DAT;uninfected;uninfected;33,5;0;
G36;15:00-15:30;25;B;1;0.380;0-30;0.389 ;0-30;0.393;5-30;0.402;10-30;0.357 ;0-5;0.358;0-10;1;CM;00000031.DAT;infected;infected;30;13;
B61;15:00-15:30;25;B;2;0.356;0-30;0.382;0-30;0.418;5-30;0.468;10-30;0.209;0-5;0.213;0-10;2;CM;00000031.DAT;uninfected;uninfected;34,9;0;
G88;15:00-15:30;25;B;6;0.359;0-30;0.359;0-30;0.361;5-30;0.398 ;10-30;0.329 ;0-5;0.271;0-10;3;HS;00000031.DAT;infected;infected;34,6;12;
B62;15:00-15:30;25;B;7;0.734;0-30;0.747;0-30;0.809;5-30;0.793;10-30;0.447 ;0-5;0.660;0-10;4;HS;00000031.DAT;uninfected;uninfected;30;0;
G16;15:00-15:30;25;A;1;0.422;0-30;0.431;0-30;0.421;5-30;0.314;10-30;0.485 ;0-5;0.665;0-10;5;HT;00000031.DAT;infected;infected;33,5;6;
B45;15:00-15:30;25;A;3;0.455;0-30;0.429;0-30;0.497;5-30;0.548;10-30;0.0944;0-5;0.194;0-10;6;HT;00000031.DAT;uninfected;uninfected;32;0;
G47;15:00-15:30;25;A;4;0.667;0-30;0.666;0-30;0.792;5-30;0.795 ;10-30;0.0391;0-5;0.409;0-10;7;Control;00000031.DAT;infected;infected;32;31;
B53;15:00-15:30;25;A;8;0.425;0-30;0.400;0-30;0.472;5-30;0.529;10-30;0.0500;0-5;0.147;0-10;8;Control;00000031.DAT;uninfected;uninfected;29,2;0;
Y13;16:20-16:50;26;B;1;0.668;0-30;0.676;0-30;0.692;5-30;0.707;10-30;0.609 ;0-5;0.622;0-10;1;CM;00000032.DAT;infected;infected;31,6;6;
P16;16:20-16:50;26;B;2;0.545;0-30;0.525;0-30;0.547;5-30;0.536;10-30;0.433 ;0-5;0.512;0-10;2;CM;00000032.DAT;uninfected;uninfected;35;0;
G9;16:20-16:50;26;B;6;0.486;0-30;0.475;0-30;0.566;5-30;0.704;10-30;0.00445;0-5;0.00762;0-10;3;HS;00000032.DAT;infected;infected;31;4;
B98;16:20-16:50;26;B;7;0.402;0-30;0.393;0-30;0.317;5-30;0.351;10-30;0.780 ;0-5;0.479;0-10;4;HS;00000032.DAT;uninfected;uninfected;32,6;0;
G67;16:20-16:50;26;A;1;0.737;0-30;0.704;0-30;0.743;5-30;0.740;10-30;0.507;0-5;0.630 ;0-10;5;HT;00000032.DAT;infected;infected;33,5;8;
B18;16:20-16:50;26;A;3;0.504;0-30;0.459;0-30;0.514;5-30;0.551;10-30;0.173;0-5;0.270;0-10;6;HT;00000032.DAT;uninfected;uninfected;30,2;0;
G23;16:20-16:50;26;A;4;0.595;0-30;0.595;0-30;0.658;5-30;0.754;10-30;0.266;0-5;0.270 ;0-10;7;Control;00000032.DAT;infected;infected;30;23;
B67;16:20-16:50;26;A;8;0.676;0-30;0.670;0-30;0.698;5-30;0.719;10-30;0.537;0-5;0.575;0-10;8;Control;00000032.DAT;uninfected;uninfected;33,2;0;
;;;;;;;;;;;;;;;;;;;;;;;;
;;;;;;;;;;;;;;;;;;;;;;;;
;;;;;;;;;;;;;;;;;;;;;;;;
;;;;;;;;;;;;;;;;;;;;;;;;
;;;;;;;;;;;;;;;;;;;;;;;;
;;;;;;;;;;;;;;;;;;;;;;;;
;;;;;;;;;;;;;;;;;;;;;;;;
;;;;;;;;;;;;;;;;;;;;;;;;
;;;;;;;;;;;;;;;;;;;;;;;;
;;;;;;;;;;;;;;;;;;;;;;;;
;;;;;;;;;;;;;;;;;;;;;;;;
;;;;;;;;;;;;;;;;;;;;;;;;
;;;;;;;;;;;;;;;;;;;;;;;;
;;;;;;;;;;;;;;;;;;;;;;;;
;;;;;;;;;;;;;;;;;;;;;;;;
;;;;;;;;;;;;;;;;;;;;;;;;
;;;;;;;;;;;;;;;;;;;;;;;;
;;;;;;;;;;;;;;;;;;;;;;;;
;;;;;;;;;;;;;;;;;;;;;;;;
;;;;;;;;;;;;;;;;;;;;;;;;
;;;;;;;;;;;;;;;;;;;;;;;;
;;;;;;;;;;;;;;;;;;;;;;;;
;;;;;;;;;;;;;;;;;;;;;;;;
;;;;;;;;;;;;;;;;;;;;;;;;
;;;;;;;;;;;;;;;;;;;;;;;;
;;;;;;;;;;;;;;;;;;;;;;;;
;;;;;;;;;;;;;;;;;;;;;;;;
;;;;;;;;;;;;;;;;;;;;;;;;
;;;;;;;;;;;;;;;;;;;;;;;;
;;;;;;;;;;;;;;;;;;;;;;;;
;;;;;;;;;;;;;;;;;;;;;;;;
;;;;;;;;;;;;;;;;;;;;;;;;
;;;;;;;;;;;;;;;;;;;;;;;;
;;;;;;;;;;;;;;;;;;;;;;;;
;;;;;;;;;;;;;;;;;;;;;;;;
;;;;;;;;;;;;;;;;;;;;;;;;
;;;;;;;;;;;;;;;;;;;;;;;;
;;;;;;;;;;;;;;;;;;;;;;;;
;;;;;;;;;;;;;;;;;;;;;;;;
;;;;;;;;;;;;;;;;;;;;;;;;
;;;;;;;;;;;;;;;;;;;;;;;;
;;;;;;;;;;;;;;;;;;;;;;;;
;;;;;;;;;;;;;;;;;;;;;;;;
;;;;;;;;;;;;;;;;;;;;;;;;
;;;;;;;;;;;;;;;;;;;;;;;;
;;;;;;;;;;;;;;;;;;;;;;;;
;;;;;;;;;;;;;;;;;;;;;;;;
;;;;;;;;;;;;;;;;;;;;;;;;
;;;;;;;;;;;;;;;;;;;;;;;;
;;;;;;;;;;;;;;;;;;;;;;;;
;;;;;;;;;;;;;;;;;;;;;;;;
;;;;;;;;;;;;;;;;;;;;;;;;
;;;;;;;;;;;;;;;;;;;;;;;;
;;;;;;;;;;;;;;;;;;;;;;;;
;;;;;;;;;;;;;;;;;;;;;;;;
;;;;;;;;;;;;;;;;;;;;;;;;
;;;;;;;;;;;;;;;;;;;;;;;;
;;;;;;;;;;;;;;;;;;;;;;;;
;;;;;;;;;;;;;;;;;;;;;;;;
;;;;;;;;;;;;;;;;;;;;;;;;
;;;;;;;;;;;;;;;;;;;;;;;;
;;;;;;;;;;;;;;;;;;;;;;;;
;;;;;;;;;;;;;;;;;;;;;;;;
;;;;;;;;;;;;;;;;;;;;;;;;
;;;;;;;;;;;;;;;;;;;;;;;;
;;;;;;;;;;;;;;;;;;;;;;;;
;;;;;;;;;;;;;;;;;;;;;;;;
;;;;;;;;;;;;;;;;;;;;;;;;
;;;;;;;;;;;;;;;;;;;;;;;;
;;;;;;;;;;;;;;;;;;;;;;;;
;;;;;;;;;;;;;;;;;;;;;;;;
;;;;;;;;;;;;;;;;;;;;;;;;
;;;;;;;;;;;;;;;;;;;;;;;;
;;;;;;;;;;;;;;;;;;;;;;;;
;;;;;;;;;;;;;;;;;;;;;;;;
;;;;;;;;;;;;;;;;;;;;;;;;
;;;;;;;;;;;;;;;;;;;;;;;;
;;;;;;;;;;;;;;;;;;;;;;;;
;;;;;;;;;;;;;;;;;;;;;;;;
;;;;;;;;;;;;;;;;;;;;;;;;
;;;;;;;;;;;;;;;;;;;;;;;;
;;;;;;;;;;;;;;;;;;;;;;;;
;;;;;;;;;;;;;;;;;;;;;;;;
;;;;;;;;;;;;;;;;;;;;;;;;
;;;;;;;;;;;;;;;;;;;;;;;;
;;;;;;;;;;;;;;;;;;;;;;;;
;;;;;;;;;;;;;;;;;;;;;;;;
;;;;;;;;;;;;;;;;;;;;;;;;
;;;;;;;;;;;;;;;;;;;;;;;;
;;;;;;;;;;;;;;;;;;;;;;;;
;;;;;;;;;;;;;;;;;;;;;;;;
;;;;;;;;;;;;;;;;;;;;;;;;
;;;;;;;;;;;;;;;;;;;;;;;;
;;;;;;;;;;;;;;;;;;;;;;;;
;;;;;;;;;;;;;;;;;;;;;;;;
;;;;;;;;;;;;;;;;;;;;;;;;
;;;;;;;;;;;;;;;;;;;;;;;;
;;;;;;;;;;;;;;;;;;;;;;;;
;;;;;;;;;;;;;;;;;;;;;;;;
;;;;;;;;;;;;;;;;;;;;;;;;
;;;;;;;;;;;;;;;;;;;;;;;;
;;;;;;;;;;;;;;;;;;;;;;;;
;;;;;;;;;;;;;;;;;;;;;;;;
;;;;;;;;;;;;;;;;;;;;;;;;
;;;;;;;;;;;;;;;;;;;;;;;;
;;;;;;;;;;;;;;;;;;;;;;;;
;;;;;;;;;;;;;;;;;;;;;;;;
;;;;;;;;;;;;;;;;;;;;;;;;
;;;;;;;;;;;;;;;;;;;;;;;;
;;;;;;;;;;;;;;;;;;;;;;;;
;;;;;;;;;;;;;;;;;;;;;;;;
;;;;;;;;;;;;;;;;;;;;;;;;
;;;;;;;;;;;;;;;;;;;;;;;;
;;;;;;;;;;;;;;;;;;;;;;;;
;;;;;;;;;;;;;;;;;;;;;;;;
;;;;;;;;;;;;;;;;;;;;;;;;
;;;;;;;;;;;;;;;;;;;;;;;;
;;;;;;;;;;;;;;;;;;;;;;;;
;;;;;;;;;;;;;;;;;;;;;;;;
;;;;;;;;;;;;;;;;;;;;;;;;
;;;;;;;;;;;;;;;;;;;;;;;;
;;;;;;;;;;;;;;;;;;;;;;;;
;;;;;;;;;;;;;;;;;;;;;;;;
;;;;;;;;;;;;;;;;;;;;;;;;
;;;;;;;;;;;;;;;;;;;;;;;;
;;;;;;;;;;;;;;;;;;;;;;;;
;;;;;;;;;;;;;;;;;;;;;;;;
;;;;;;;;;;;;;;;;;;;;;;;;
;;;;;;;;;;;;;;;;;;;;;;;;
;;;;;;;;;;;;;;;;;;;;;;;;
;;;;;;;;;;;;;;;;;;;;;;;;
;;;;;;;;;;;;;;;;;;;;;;;;
;;;;;;;;;;;;;;;;;;;;;;;;
;;;;;;;;;;;;;;;;;;;;;;;;
;;;;;;;;;;;;;;;;;;;;;;;;
;;;;;;;;;;;;;;;;;;;;;;;;
;;;;;;;;;;;;;;;;;;;;;;;;
;;;;;;;;;;;;;;;;;;;;;;;;
;;;;;;;;;;;;;;;;;;;;;;;;
;;;;;;;;;;;;;;;;;;;;;;;;
;;;;;;;;;;;;;;;;;;;;;;;;
;;;;;;;;;;;;;;;;;;;;;;;;
;;;;;;;;;;;;;;;;;;;;;;;;
;;;;;;;;;;;;;;;;;;;;;;;;
;;;;;;;;;;;;;;;;;;;;;;;;
;;;;;;;;;;;;;;;;;;;;;;;;
;;;;;;;;;;;;;;;;;;;;;;;;
;;;;;;;;;;;;;;;;;;;;;;;;
;;;;;;;;;;;;;;;;;;;;;;;;
;;;;;;;;;;;;;;;;;;;;;;;;
;;;;;;;;;;;;;;;;;;;;;;;;
;;;;;;;;;;;;;;;;;;;;;;;;
;;;;;;;;;;;;;;;;;;;;;;;;
;;;;;;;;;;;;;;;;;;;;;;;;
;;;;;;;;;;;;;;;;;;;;;;;;
;;;;;;;;;;;;;;;;;;;;;;;;
;;;;;;;;;;;;;;;;;;;;;;;;
;;;;;;;;;;;;;;;;;;;;;;;;
;;;;;;;;;;;;;;;;;;;;;;;;
;;;;;;;;;;;;;;;;;;;;;;;;
;;;;;;;;;;;;;;;;;;;;;;;;
;;;;;;;;;;;;;;;;;;;;;;;;
;;;;;;;;;;;;;;;;;;;;;;;;
;;;;;;;;;;;;;;;;;;;;;;;;
;;;;;;;;;;;;;;;;;;;;;;;;
;;;;;;;;;;;;;;;;;;;;;;;;
;;;;;;;;;;;;;;;;;;;;;;;;
;;;;;;;;;;;;;;;;;;;;;;;;
;;;;;;;;;;;;;;;;;;;;;;;;
;;;;;;;;;;;;;;;;;;;;;;;;
;;;;;;;;;;;;;;;;;;;;;;;;
;;;;;;;;;;;;;;;;;;;;;;;;
;;;;;;;;;;;;;;;;;;;;;;;;
;;;;;;;;;;;;;;;;;;;;;;;;
;;;;;;;;;;;;;;;;;;;;;;;;
;;;;;;;;;;;;;;;;;;;;;;;;
;;;;;;;;;;;;;;;;;;;;;;;;
;;;;;;;;;;;;;;;;;;;;;;;;
;;;;;;;;;;;;;;;;;;;;;;;;
;;;;;;;;;;;;;;;;;;;;;;;;
;;;;;;;;;;;;;;;;;;;;;;;;
;;;;;;;;;;;;;;;;;;;;;;;;
;;;;;;;;;;;;;;;;;;;;;;;;
;;;;;;;;;;;;;;;;;;;;;;;;
;;;;;;;;;;;;;;;;;;;;;;;;