Arena ID;Rep;Group;Time;Start_Time (min);Time;A(t);P_Status;Status;Notes
CM1;1;CM;15:18-17:18;23;5;0,00%;infected;infected;
CM1;1;CM;15:18-17:18;;10;0,00%;infected;infected;
CM1;1;CM;15:18-17:18;;15;0,00%;infected;infected;
CM1;1;CM;15:18-17:18;;20;0,00%;infected;infected;
CM1;1;CM;15:18-17:18;;25;57,14%;infected;infected;
CM1;1;CM;15:18-17:18;;30;57,14%;infected;infected;
CM1;1;CM;15:18-17:18;;35;57,14%;infected;infected;
CM1;1;CM;15:18-17:18;;40;57,14%;infected;infected;
CM1;1;CM;15:18-17:18;;45;28,57%;infected;infected;
CM1;1;CM;15:18-17:18;;50;0,00%;infected;infected;
CM1;1;CM;15:18-17:18;;55;28,57%;infected;infected;
CM1;1;CM;15:18-17:18;;60;0,00%;infected;infected;
CM1;1;CM;15:18-17:18;;65;0,00%;infected;infected;
CM1;1;CM;15:18-17:18;;70;0,00%;infected;infected;
CM1;1;CM;15:18-17:18;;75;0,00%;infected;infected;
CM1;1;CM;15:18-17:18;;80;0,00%;infected;infected;
CM1;1;CM;15:18-17:18;;85;0,00%;infected;infected;
CM1;1;CM;15:18-17:18;;90;0,00%;infected;infected;
CM1;1;CM;15:18-17:18;;95;0,00%;infected;infected;
CM1;1;CM;15:18-17:18;;100;0,00%;infected;infected;
CM1;1;CM;15:18-17:18;;105;0,00%;infected;infected;
CM1;1;CM;15:18-17:18;;110;0,00%;infected;infected;
CM1;1;CM;15:18-17:18;;115;0,00%;infected;infected;
CM1;1;CM;15:18-17:18;;120;0,00%;infected;infected;
CM2;1;CM;15:18-17:18;1;5;28,57%;uninfected;uninfected;
CM2;1;CM;15:18-17:18;;10;28,57%;uninfected;uninfected;
CM2;1;CM;15:18-17:18;;15;28,57%;uninfected;uninfected;
CM2;1;CM;15:18-17:18;;20;0,00%;uninfected;uninfected;
CM2;1;CM;15:18-17:18;;25;0,00%;uninfected;uninfected;
CM2;1;CM;15:18-17:18;;30;0,00%;uninfected;uninfected;
CM2;1;CM;15:18-17:18;;35;28,57%;uninfected;uninfected;
CM2;1;CM;15:18-17:18;;40;57,14%;uninfected;uninfected;
CM2;1;CM;15:18-17:18;;45;71,43%;uninfected;uninfected;
CM2;1;CM;15:18-17:18;;50;71,43%;uninfected;uninfected;
CM2;1;CM;15:18-17:18;;55;42,86%;uninfected;uninfected;
CM2;1;CM;15:18-17:18;;60;71,43%;uninfected;uninfected;
CM2;1;CM;15:18-17:18;;65;71,43%;uninfected;uninfected;
CM2;1;CM;15:18-17:18;;70;71,43%;uninfected;uninfected;
CM2;1;CM;15:18-17:18;;75;42,86%;uninfected;uninfected;
CM2;1;CM;15:18-17:18;;80;71,43%;uninfected;uninfected;
CM2;1;CM;15:18-17:18;;85;42,86%;uninfected;uninfected;
CM2;1;CM;15:18-17:18;;90;71,43%;uninfected;uninfected;
CM2;1;CM;15:18-17:18;;95;71,43%;uninfected;uninfected;
CM2;1;CM;15:18-17:18;;100;71,43%;uninfected;uninfected;
CM2;1;CM;15:18-17:18;;105;42,86%;uninfected;uninfected;
CM2;1;CM;15:18-17:18;;110;42,86%;uninfected;uninfected;
CM2;1;CM;15:18-17:18;;115;42,86%;uninfected;uninfected;
CM2;1;CM;15:18-17:18;;120;42,86%;uninfected;uninfected;
Control1;1;Control;15:18-17:18;NA;5;0,00%;infected;infected;
Control1;1;Control;15:18-17:18;;10;0,00%;infected;infected;
Control1;1;Control;15:18-17:18;;15;0,00%;infected;infected;
Control1;1;Control;15:18-17:18;;20;0,00%;infected;infected;
Control1;1;Control;15:18-17:18;;25;0,00%;infected;infected;
Control1;1;Control;15:18-17:18;;30;0,00%;infected;infected;
Control1;1;Control;15:18-17:18;;35;0,00%;infected;infected;
Control1;1;Control;15:18-17:18;;40;0,00%;infected;infected;
Control1;1;Control;15:18-17:18;;45;0,00%;infected;infected;
Control1;1;Control;15:18-17:18;;50;0,00%;infected;infected;
Control1;1;Control;15:18-17:18;;55;0,00%;infected;infected;
Control1;1;Control;15:18-17:18;;60;0,00%;infected;infected;
Control1;1;Control;15:18-17:18;;65;0,00%;infected;infected;
Control1;1;Control;15:18-17:18;;70;0,00%;infected;infected;
Control1;1;Control;15:18-17:18;;75;0,00%;infected;infected;
Control1;1;Control;15:18-17:18;;80;0,00%;infected;infected;
Control1;1;Control;15:18-17:18;;85;0,00%;infected;infected;
Control1;1;Control;15:18-17:18;;90;0,00%;infected;infected;
Control1;1;Control;15:18-17:18;;95;0,00%;infected;infected;
Control1;1;Control;15:18-17:18;;100;0,00%;infected;infected;
Control1;1;Control;15:18-17:18;;105;0,00%;infected;infected;
Control1;1;Control;15:18-17:18;;110;0,00%;infected;infected;
Control1;1;Control;15:18-17:18;;115;0,00%;infected;infected;
Control1;1;Control;15:18-17:18;;120;0,00%;infected;infected;
Control2;1;Control;15:18-17:18;NA;5;0,00%;uninfected;uninfected;
Control2;1;Control;15:18-17:18;;10;0,00%;uninfected;uninfected;
Control2;1;Control;15:18-17:18;;15;0,00%;uninfected;uninfected;
Control2;1;Control;15:18-17:18;;20;0,00%;uninfected;uninfected;
Control2;1;Control;15:18-17:18;;25;0,00%;uninfected;uninfected;
Control2;1;Control;15:18-17:18;;30;0,00%;uninfected;uninfected;
Control2;1;Control;15:18-17:18;;35;0,00%;uninfected;uninfected;
Control2;1;Control;15:18-17:18;;40;0,00%;uninfected;uninfected;
Control2;1;Control;15:18-17:18;;45;0,00%;uninfected;uninfected;
Control2;1;Control;15:18-17:18;;50;0,00%;uninfected;uninfected;
Control2;1;Control;15:18-17:18;;55;0,00%;uninfected;uninfected;
Control2;1;Control;15:18-17:18;;60;0,00%;uninfected;uninfected;
Control2;1;Control;15:18-17:18;;65;0,00%;uninfected;uninfected;
Control2;1;Control;15:18-17:18;;70;0,00%;uninfected;uninfected;
Control2;1;Control;15:18-17:18;;75;0,00%;uninfected;uninfected;
Control2;1;Control;15:18-17:18;;80;0,00%;uninfected;uninfected;
Control2;1;Control;15:18-17:18;;85;0,00%;uninfected;uninfected;
Control2;1;Control;15:18-17:18;;90;0,00%;uninfected;uninfected;
Control2;1;Control;15:18-17:18;;95;0,00%;uninfected;uninfected;
Control2;1;Control;15:18-17:18;;100;0,00%;uninfected;uninfected;
Control2;1;Control;15:18-17:18;;105;0,00%;uninfected;uninfected;
Control2;1;Control;15:18-17:18;;110;0,00%;uninfected;uninfected;
Control2;1;Control;15:18-17:18;;115;0,00%;uninfected;uninfected;
Control2;1;Control;15:18-17:18;;120;0,00%;uninfected;uninfected;
HS1;1;HS;15:18-17:18;24;5;0,00%;infected;infected;
HS1;1;HS;15:18-17:18;;10;0,00%;infected;infected;
HS1;1;HS;15:18-17:18;;15;0,00%;infected;infected;
HS1;1;HS;15:18-17:18;;20;0,00%;infected;infected;
HS1;1;HS;15:18-17:18;;25;57,14%;infected;infected;
HS1;1;HS;15:18-17:18;;30;57,14%;infected;infected;
HS1;1;HS;15:18-17:18;;35;57,14%;infected;infected;
HS1;1;HS;15:18-17:18;;40;57,14%;infected;infected;
HS1;1;HS;15:18-17:18;;45;28,57%;infected;infected;
HS1;1;HS;15:18-17:18;;50;0,00%;infected;infected;
HS1;1;HS;15:18-17:18;;55;28,57%;infected;infected;
HS1;1;HS;15:18-17:18;;60;0,00%;infected;infected;
HS1;1;HS;15:18-17:18;;65;0,00%;infected;infected;
HS1;1;HS;15:18-17:18;;70;0,00%;infected;infected;
HS1;1;HS;15:18-17:18;;75;0,00%;infected;infected;
HS1;1;HS;15:18-17:18;;80;0,00%;infected;infected;
HS1;1;HS;15:18-17:18;;85;0,00%;infected;infected;
HS1;1;HS;15:18-17:18;;90;0,00%;infected;infected;
HS1;1;HS;15:18-17:18;;95;0,00%;infected;infected;
HS1;1;HS;15:18-17:18;;100;0,00%;infected;infected;
HS1;1;HS;15:18-17:18;;105;0,00%;infected;infected;
HS1;1;HS;15:18-17:18;;110;0,00%;infected;infected;
HS1;1;HS;15:18-17:18;;115;0,00%;infected;infected;
HS1;1;HS;15:18-17:18;;120;0,00%;infected;infected;
HS2;1;HS;15:18-17:18;16;5;0,00%;uninfected;uninfected;
HS2;1;HS;15:18-17:18;;10;0,00%;uninfected;uninfected;
HS2;1;HS;15:18-17:18;;15;0,00%;uninfected;uninfected;
HS2;1;HS;15:18-17:18;;20;28,57%;uninfected;uninfected;
HS2;1;HS;15:18-17:18;;25;57,14%;uninfected;uninfected;
HS2;1;HS;15:18-17:18;;30;57,14%;uninfected;uninfected;
HS2;1;HS;15:18-17:18;;35;57,14%;uninfected;uninfected;
HS2;1;HS;15:18-17:18;;40;57,14%;uninfected;uninfected;
HS2;1;HS;15:18-17:18;;45;57,14%;uninfected;uninfected;
HS2;1;HS;15:18-17:18;;50;28,57%;uninfected;uninfected;
HS2;1;HS;15:18-17:18;;55;57,14%;uninfected;uninfected;
HS2;1;HS;15:18-17:18;;60;57,14%;uninfected;uninfected;
HS2;1;HS;15:18-17:18;;65;57,14%;uninfected;uninfected;
HS2;1;HS;15:18-17:18;;70;57,14%;uninfected;uninfected;
HS2;1;HS;15:18-17:18;;75;57,14%;uninfected;uninfected;
HS2;1;HS;15:18-17:18;;80;57,14%;uninfected;uninfected;
HS2;1;HS;15:18-17:18;;85;57,14%;uninfected;uninfected;
HS2;1;HS;15:18-17:18;;90;57,14%;uninfected;uninfected;
HS2;1;HS;15:18-17:18;;95;71,43%;uninfected;uninfected;
HS2;1;HS;15:18-17:18;;100;71,43%;uninfected;uninfected;
HS2;1;HS;15:18-17:18;;105;57,14%;uninfected;uninfected;
HS2;1;HS;15:18-17:18;;110;57,14%;uninfected;uninfected;
HS2;1;HS;15:18-17:18;;115;57,14%;uninfected;uninfected;
HS2;1;HS;15:18-17:18;;120;57,14%;uninfected;uninfected;
HT1;1;HT;15:18-17:18;36;5;0,00%;infected;infected;
HT1;1;HT;15:18-17:18;;10;0,00%;infected;infected;
HT1;1;HT;15:18-17:18;;15;0,00%;infected;infected;
HT1;1;HT;15:18-17:18;;20;0,00%;infected;infected;
HT1;1;HT;15:18-17:18;;25;0,00%;infected;infected;
HT1;1;HT;15:18-17:18;;30;0,00%;infected;infected;
HT1;1;HT;15:18-17:18;;35;0,00%;infected;infected;
HT1;1;HT;15:18-17:18;;40;28,57%;infected;infected;
HT1;1;HT;15:18-17:18;;45;28,57%;infected;infected;
HT1;1;HT;15:18-17:18;;50;28,57%;infected;infected;
HT1;1;HT;15:18-17:18;;55;28,57%;infected;infected;
HT1;1;HT;15:18-17:18;;60;28,57%;infected;infected;
HT1;1;HT;15:18-17:18;;65;28,57%;infected;infected;
HT1;1;HT;15:18-17:18;;70;28,57%;infected;infected;
HT1;1;HT;15:18-17:18;;75;28,57%;infected;infected;
HT1;1;HT;15:18-17:18;;80;28,57%;infected;infected;
HT1;1;HT;15:18-17:18;;85;57,14%;infected;infected;
HT1;1;HT;15:18-17:18;;90;57,14%;infected;infected;
HT1;1;HT;15:18-17:18;;95;57,14%;infected;infected;
HT1;1;HT;15:18-17:18;;100;57,14%;infected;infected;
HT1;1;HT;15:18-17:18;;105;71,43%;infected;infected;
HT1;1;HT;15:18-17:18;;110;71,43%;infected;infected;
HT1;1;HT;15:18-17:18;;115;57,14%;infected;infected;
HT1;1;HT;15:18-17:18;;120;57,14%;infected;infected;
HT2;1;HT;15:18-17:18;10;5;0,00%;uninfected;uninfected;
HT2;1;HT;15:18-17:18;;10;28,57%;uninfected;uninfected;
HT2;1;HT;15:18-17:18;;15;28,57%;uninfected;uninfected;
HT2;1;HT;15:18-17:18;;20;28,57%;uninfected;uninfected;
HT2;1;HT;15:18-17:18;;25;28,57%;uninfected;uninfected;
HT2;1;HT;15:18-17:18;;30;28,57%;uninfected;uninfected;
HT2;1;HT;15:18-17:18;;35;28,57%;uninfected;uninfected;
HT2;1;HT;15:18-17:18;;40;28,57%;uninfected;uninfected;
HT2;1;HT;15:18-17:18;;45;28,57%;uninfected;uninfected;
HT2;1;HT;15:18-17:18;;50;28,57%;uninfected;uninfected;
HT2;1;HT;15:18-17:18;;55;28,57%;uninfected;uninfected;
HT2;1;HT;15:18-17:18;;60;28,57%;uninfected;uninfected;
HT2;1;HT;15:18-17:18;;65;28,57%;uninfected;uninfected;
HT2;1;HT;15:18-17:18;;70;28,57%;uninfected;uninfected;
HT2;1;HT;15:18-17:18;;75;28,57%;uninfected;uninfected;
HT2;1;HT;15:18-17:18;;80;28,57%;uninfected;uninfected;
HT2;1;HT;15:18-17:18;;85;28,57%;uninfected;uninfected;
HT2;1;HT;15:18-17:18;;90;28,57%;uninfected;uninfected;
HT2;1;HT;15:18-17:18;;95;28,57%;uninfected;uninfected;
HT2;1;HT;15:18-17:18;;100;28,57%;uninfected;uninfected;
HT2;1;HT;15:18-17:18;;105;28,57%;uninfected;uninfected;
HT2;1;HT;15:18-17:18;;110;28,57%;uninfected;uninfected;
HT2;1;HT;15:18-17:18;;115;28,57%;uninfected;uninfected;
HT2;1;HT;15:18-17:18;;120;28,57%;uninfected;uninfected;
CM1;2;CM;11:35-13:35;13;5;0,00%;uninfected;uninfected;
CM1;2;CM;11:35-13:35;;10;0,00%;uninfected;uninfected;
CM1;2;CM;11:35-13:35;;15;28,57%;uninfected;uninfected;
CM1;2;CM;11:35-13:35;;20;28,57%;uninfected;uninfected;
CM1;2;CM;11:35-13:35;;25;28,57%;uninfected;uninfected;
CM1;2;CM;11:35-13:35;;30;28,57%;uninfected;uninfected;
CM1;2;CM;11:35-13:35;;35;28,57%;uninfected;uninfected;
CM1;2;CM;11:35-13:35;;40;28,57%;uninfected;uninfected;
CM1;2;CM;11:35-13:35;;45;28,57%;uninfected;uninfected;
CM1;2;CM;11:35-13:35;;50;28,57%;uninfected;uninfected;
CM1;2;CM;11:35-13:35;;55;28,57%;uninfected;uninfected;
CM1;2;CM;11:35-13:35;;60;28,57%;uninfected;uninfected;
CM1;2;CM;11:35-13:35;;65;28,57%;uninfected;uninfected;
CM1;2;CM;11:35-13:35;;70;28,57%;uninfected;uninfected;
CM1;2;CM;11:35-13:35;;75;28,57%;uninfected;uninfected;
CM1;2;CM;11:35-13:35;;80;28,57%;uninfected;uninfected;
CM1;2;CM;11:35-13:35;;85;28,57%;uninfected;uninfected;
CM1;2;CM;11:35-13:35;;90;28,57%;uninfected;uninfected;
CM1;2;CM;11:35-13:35;;95;28,57%;uninfected;uninfected;
CM1;2;CM;11:35-13:35;;100;28,57%;uninfected;uninfected;
CM1;2;CM;11:35-13:35;;105;28,57%;uninfected;uninfected;
CM1;2;CM;11:35-13:35;;110;28,57%;uninfected;uninfected;
CM1;2;CM;11:35-13:35;;115;28,57%;uninfected;uninfected;
CM1;2;CM;11:35-13:35;;120;28,57%;uninfected;uninfected;
CM2;2;CM;11:35-13:35;14;5;0,00%;infected;infected;
CM2;2;CM;11:35-13:35;;10;0,00%;infected;infected;
CM2;2;CM;11:35-13:35;;15;28,57%;infected;infected;
CM2;2;CM;11:35-13:35;;20;28,57%;infected;infected;
CM2;2;CM;11:35-13:35;;25;28,57%;infected;infected;
CM2;2;CM;11:35-13:35;;30;28,57%;infected;infected;
CM2;2;CM;11:35-13:35;;35;28,57%;infected;NA;died
CM2;2;CM;11:35-13:35;;40;28,57%;infected;infected;
CM2;2;CM;11:35-13:35;;45;28,57%;infected;infected;
CM2;2;CM;11:35-13:35;;50;28,57%;infected;infected;
CM2;2;CM;11:35-13:35;;55;28,57%;infected;infected;
CM2;2;CM;11:35-13:35;;60;28,57%;infected;infected;
CM2;2;CM;11:35-13:35;;65;28,57%;infected;infected;
CM2;2;CM;11:35-13:35;;70;28,57%;infected;NA;died
CM2;2;CM;11:35-13:35;;75;28,57%;infected;infected;
CM2;2;CM;11:35-13:35;;80;28,57%;infected;infected;
CM2;2;CM;11:35-13:35;;85;28,57%;infected;infected;
CM2;2;CM;11:35-13:35;;90;28,57%;infected;infected;
CM2;2;CM;11:35-13:35;;95;28,57%;infected;infected;
CM2;2;CM;11:35-13:35;;100;28,57%;infected;infected;
CM2;2;CM;11:35-13:35;;105;28,57%;infected;NA;died
CM2;2;CM;11:35-13:35;;110;28,57%;infected;infected;
CM2;2;CM;11:35-13:35;;115;28,57%;infected;infected;
CM2;2;CM;11:35-13:35;;120;28,57%;infected;NA;died
Control1;2;Control;11:35-13:35;33;5;0,00%;infected;NA;died
Control1;2;Control;11:35-13:35;;10;0,00%;infected;infected;
Control1;2;Control;11:35-13:35;;15;0,00%;infected;infected;
Control1;2;Control;11:35-13:35;;20;0,00%;infected;infected;
Control1;2;Control;11:35-13:35;;25;0,00%;infected;infected;
Control1;2;Control;11:35-13:35;;30;0,00%;infected;infected;
Control1;2;Control;11:35-13:35;;35;28,57%;infected;uninfected;
Control1;2;Control;11:35-13:35;;40;0,00%;infected;NA;died
Control1;2;Control;11:35-13:35;;45;0,00%;infected;infected;
Control1;2;Control;11:35-13:35;;50;0,00%;infected;infected;
Control1;2;Control;11:35-13:35;;55;0,00%;infected;infected;
Control1;2;Control;11:35-13:35;;60;0,00%;infected;infected;
Control1;2;Control;11:35-13:35;;65;0,00%;infected;infected;
Control1;2;Control;11:35-13:35;;70;0,00%;infected;uninfected;
Control1;2;Control;11:35-13:35;;75;0,00%;infected;NA;died
Control1;2;Control;11:35-13:35;;80;0,00%;infected;infected;
Control1;2;Control;11:35-13:35;;85;0,00%;infected;infected;
Control1;2;Control;11:35-13:35;;90;0,00%;infected;infected;
Control1;2;Control;11:35-13:35;;95;0,00%;infected;infected;
Control1;2;Control;11:35-13:35;;100;0,00%;infected;infected;
Control1;2;Control;11:35-13:35;;105;0,00%;infected;uninfected;
Control1;2;Control;11:35-13:35;;110;0,00%;infected;infected;
Control1;2;Control;11:35-13:35;;115;0,00%;infected;infected;
Control1;2;Control;11:35-13:35;;120;0,00%;infected;uninfected;
Control2;2;Control;11:35-13:35;16;5;0,00%;uninfected;uninfected;
Control2;2;Control;11:35-13:35;;10;0,00%;uninfected;uninfected;
Control2;2;Control;11:35-13:35;;15;0,00%;uninfected;uninfected;
Control2;2;Control;11:35-13:35;;20;28,57%;uninfected;uninfected;
Control2;2;Control;11:35-13:35;;25;28,57%;uninfected;uninfected;
Control2;2;Control;11:35-13:35;;30;28,57%;uninfected;uninfected;
Control2;2;Control;11:35-13:35;;35;28,57%;uninfected;uninfected;
Control2;2;Control;11:35-13:35;;40;28,57%;uninfected;uninfected;
Control2;2;Control;11:35-13:35;;45;0,00%;uninfected;uninfected;
Control2;2;Control;11:35-13:35;;50;28,57%;uninfected;uninfected;
Control2;2;Control;11:35-13:35;;55;28,57%;uninfected;uninfected;
Control2;2;Control;11:35-13:35;;60;28,57%;uninfected;uninfected;
Control2;2;Control;11:35-13:35;;65;0,00%;uninfected;uninfected;
Control2;2;Control;11:35-13:35;;70;28,57%;uninfected;uninfected;
Control2;2;Control;11:35-13:35;;75;28,57%;uninfected;uninfected;
Control2;2;Control;11:35-13:35;;80;28,57%;uninfected;uninfected;
Control2;2;Control;11:35-13:35;;85;28,57%;uninfected;uninfected;
Control2;2;Control;11:35-13:35;;90;28,57%;uninfected;uninfected;
Control2;2;Control;11:35-13:35;;95;28,57%;uninfected;uninfected;
Control2;2;Control;11:35-13:35;;100;28,57%;uninfected;uninfected;
Control2;2;Control;11:35-13:35;;105;28,57%;uninfected;uninfected;
Control2;2;Control;11:35-13:35;;110;28,57%;;uninfected;
Control2;2;Control;11:35-13:35;;115;28,57%;uninfected;uninfected;
Control2;2;Control;11:35-13:35;;120;28,57%;uninfected;uninfected;
HS1;2;HS;11:35-13:35;NA;5;0,00%;uninfected;uninfected;
HS1;2;HS;11:35-13:35;;10;0,00%;uninfected;uninfected;
HS1;2;HS;11:35-13:35;;15;0,00%;uninfected;uninfected;
HS1;2;HS;11:35-13:35;;20;0,00%;uninfected;uninfected;
HS1;2;HS;11:35-13:35;;25;0,00%;uninfected;uninfected;
HS1;2;HS;11:35-13:35;;30;0,00%;uninfected;uninfected;
HS1;2;HS;11:35-13:35;;35;0,00%;uninfected;uninfected;
HS1;2;HS;11:35-13:35;;40;0,00%;uninfected;uninfected;
HS1;2;HS;11:35-13:35;;45;0,00%;uninfected;uninfected;
HS1;2;HS;11:35-13:35;;50;0,00%;uninfected;uninfected;
HS1;2;HS;11:35-13:35;;55;0,00%;uninfected;uninfected;
HS1;2;HS;11:35-13:35;;60;0,00%;uninfected;uninfected;
HS1;2;HS;11:35-13:35;;65;0,00%;uninfected;uninfected;
HS1;2;HS;11:35-13:35;;70;0,00%;uninfected;uninfected;
HS1;2;HS;11:35-13:35;;75;0,00%;uninfected;uninfected;
HS1;2;HS;11:35-13:35;;80;0,00%;uninfected;uninfected;
HS1;2;HS;11:35-13:35;;85;0,00%;uninfected;uninfected;
HS1;2;HS;11:35-13:35;;90;0,00%;uninfected;uninfected;
HS1;2;HS;11:35-13:35;;95;0,00%;uninfected;uninfected;
HS1;2;HS;11:35-13:35;;100;0,00%;uninfected;uninfected;
HS1;2;HS;11:35-13:35;;105;0,00%;uninfected;uninfected;
HS1;2;HS;11:35-13:35;;110;0,00%;uninfected;uninfected;
HS1;2;HS;11:35-13:35;;115;0,00%;uninfected;uninfected;
HS1;2;HS;11:35-13:35;;120;0,00%;uninfected;uninfected;
HS2;2;HS;11:35-13:35;7;5;0,00%;infected;infected;
HS2;2;HS;11:35-13:35;;10;28,57%;infected;infected;
HS2;2;HS;11:35-13:35;;15;28,57%;infected;infected;
HS2;2;HS;11:35-13:35;;20;28,57%;infected;infected;
HS2;2;HS;11:35-13:35;;25;28,57%;infected;infected;
HS2;2;HS;11:35-13:35;;30;0,00%;infected;infected;
HS2;2;HS;11:35-13:35;;35;0,00%;infected;infected;
HS2;2;HS;11:35-13:35;;40;0,00%;infected;infected;
HS2;2;HS;11:35-13:35;;45;0,00%;infected;infected;
HS2;2;HS;11:35-13:35;;50;0,00%;infected;infected;
HS2;2;HS;11:35-13:35;;55;0,00%;infected;infected;
HS2;2;HS;11:35-13:35;;60;0,00%;infected;infected;
HS2;2;HS;11:35-13:35;;65;0,00%;infected;infected;
HS2;2;HS;11:35-13:35;;70;0,00%;infected;infected;
HS2;2;HS;11:35-13:35;;75;0,00%;infected;infected;
HS2;2;HS;11:35-13:35;;80;0,00%;infected;infected;
HS2;2;HS;11:35-13:35;;85;0,00%;infected;infected;
HS2;2;HS;11:35-13:35;;90;0,00%;infected;infected;
HS2;2;HS;11:35-13:35;;95;0,00%;infected;infected;
HS2;2;HS;11:35-13:35;;100;0,00%;infected;infected;
HS2;2;HS;11:35-13:35;;105;0,00%;infected;infected;
HS2;2;HS;11:35-13:35;;110;0,00%;infected;infected;
HS2;2;HS;11:35-13:35;;115;0,00%;infected;infected;
HS2;2;HS;11:35-13:35;;120;0,00%;infected;infected;
HT1;2;HT;11:35-13:35;31;5;0,00%;infected;infected;
HT1;2;HT;11:35-13:35;;10;0,00%;infected;NA;died
HT1;2;HT;11:35-13:35;;15;0,00%;infected;infected;
HT1;2;HT;11:35-13:35;;20;0,00%;infected;infected;
HT1;2;HT;11:35-13:35;;25;0,00%;infected;infected;
HT1;2;HT;11:35-13:35;;30;0,00%;infected;infected;
HT1;2;HT;11:35-13:35;;35;57,14%;infected;infected;
HT1;2;HT;11:35-13:35;;40;28,57%;infected;infected;
HT1;2;HT;11:35-13:35;;45;28,57%;infected;NA;died
HT1;2;HT;11:35-13:35;;50;28,57%;infected;infected;
HT1;2;HT;11:35-13:35;;55;28,57%;infected;infected;
HT1;2;HT;11:35-13:35;;60;28,57%;infected;infected;
HT1;2;HT;11:35-13:35;;65;28,57%;infected;infected;
HT1;2;HT;11:35-13:35;;70;28,57%;infected;infected;
HT1;2;HT;11:35-13:35;;75;28,57%;infected;infected;
HT1;2;HT;11:35-13:35;;80;28,57%;infected;NA;died
HT1;2;HT;11:35-13:35;;85;28,57%;infected;infected;
HT1;2;HT;11:35-13:35;;90;28,57%;infected;infected;
HT1;2;HT;11:35-13:35;;95;28,57%;infected;infected;
HT1;2;HT;11:35-13:35;;100;28,57%;infected;infected;
HT1;2;HT;11:35-13:35;;105;57,14%;infected;infected;
HT1;2;HT;11:35-13:35;;110;57,14%;infected;infected;
HT1;2;HT;11:35-13:35;;115;57,14%;infected;infected;
HT1;2;HT;11:35-13:35;;120;57,14%;infected;infected;
HT2;2;HT;11:35-13:35;26;5;0,00%;uninfected;uninfected;
HT2;2;HT;11:35-13:35;;10;0,00%;uninfected;uninfected;
HT2;2;HT;11:35-13:35;;15;0,00%;uninfected;uninfected;
HT2;2;HT;11:35-13:35;;20;0,00%;uninfected;uninfected;
HT2;2;HT;11:35-13:35;;25;0,00%;uninfected;uninfected;
HT2;2;HT;11:35-13:35;;30;28,57%;uninfected;uninfected;
HT2;2;HT;11:35-13:35;;35;28,57%;uninfected;uninfected;
HT2;2;HT;11:35-13:35;;40;28,57%;uninfected;uninfected;
HT2;2;HT;11:35-13:35;;45;28,57%;uninfected;uninfected;
HT2;2;HT;11:35-13:35;;50;28,57%;uninfected;uninfected;
HT2;2;HT;11:35-13:35;;55;28,57%;uninfected;uninfected;
HT2;2;HT;11:35-13:35;;60;28,57%;uninfected;uninfected;
HT2;2;HT;11:35-13:35;;65;28,57%;uninfected;uninfected;
HT2;2;HT;11:35-13:35;;70;28,57%;uninfected;uninfected;
HT2;2;HT;11:35-13:35;;75;28,57%;uninfected;uninfected;
HT2;2;HT;11:35-13:35;;80;28,57%;uninfected;uninfected;
HT2;2;HT;11:35-13:35;;85;28,57%;uninfected;uninfected;
HT2;2;HT;11:35-13:35;;90;28,57%;uninfected;uninfected;
HT2;2;HT;11:35-13:35;;95;57,14%;uninfected;uninfected;
HT2;2;HT;11:35-13:35;;100;57,14%;uninfected;uninfected;
HT2;2;HT;11:35-13:35;;105;57,14%;uninfected;uninfected;
HT2;2;HT;11:35-13:35;;110;57,14%;uninfected;uninfected;
HT2;2;HT;11:35-13:35;;115;57,14%;uninfected;uninfected;
HT2;2;HT;11:35-13:35;;120;57,14%;uninfected;uninfected;
CMA;3;CM;11:39-13:39;NA;5;0,00%;infected;infected;
CMA;3;CM;11:39-13:39;;10;0,00%;infected;infected;
CMA;3;CM;11:39-13:39;;15;0,00%;infected;infected;
CMA;3;CM;11:39-13:39;;20;0,00%;infected;infected;
CMA;3;CM;11:39-13:39;;25;0,00%;infected;infected;
CMA;3;CM;11:39-13:39;;30;0,00%;infected;infected;
CMA;3;CM;11:39-13:39;;35;0,00%;infected;infected;
CMA;3;CM;11:39-13:39;;40;0,00%;infected;infected;
CMA;3;CM;11:39-13:39;;45;0,00%;infected;infected;
CMA;3;CM;11:39-13:39;;50;0,00%;infected;infected;
CMA;3;CM;11:39-13:39;;55;0,00%;infected;infected;
CMA;3;CM;11:39-13:39;;60;0,00%;infected;infected;
CMA;3;CM;11:39-13:39;;65;0,00%;infected;infected;
CMA;3;CM;11:39-13:39;;70;0,00%;infected;infected;
CMA;3;CM;11:39-13:39;;75;0,00%;infected;infected;
CMA;3;CM;11:39-13:39;;80;0,00%;infected;infected;
CMA;3;CM;11:39-13:39;;85;0,00%;infected;infected;
CMA;3;CM;11:39-13:39;;90;0,00%;infected;infected;
CMA;3;CM;11:39-13:39;;95;0,00%;infected;infected;
CMA;3;CM;11:39-13:39;;100;0,00%;infected;infected;
CMA;3;CM;11:39-13:39;;105;0,00%;infected;infected;
CMA;3;CM;11:39-13:39;;110;0,00%;infected;infected;
CMA;3;CM;11:39-13:39;;115;0,00%;infected;infected;
CMA;3;CM;11:39-13:39;;120;0,00%;infected;infected;
CMB;3;CM;11:39-13:39;8;5;0,00%;uninfected;uninfected;
CMB;3;CM;11:39-13:39;;10;28,57%;uninfected;uninfected;
CMB;3;CM;11:39-13:39;;15;28,57%;uninfected;uninfected;
CMB;3;CM;11:39-13:39;;20;0,00%;uninfected;uninfected;
CMB;3;CM;11:39-13:39;;25;28,57%;uninfected;uninfected;
CMB;3;CM;11:39-13:39;;30;0,00%;uninfected;uninfected;
CMB;3;CM;11:39-13:39;;35;28,57%;uninfected;uninfected;
CMB;3;CM;11:39-13:39;;40;28,57%;uninfected;uninfected;
CMB;3;CM;11:39-13:39;;45;28,57%;uninfected;uninfected;
CMB;3;CM;11:39-13:39;;50;28,57%;uninfected;uninfected;
CMB;3;CM;11:39-13:39;;55;28,57%;uninfected;uninfected;
CMB;3;CM;11:39-13:39;;60;28,57%;uninfected;uninfected;
CMB;3;CM;11:39-13:39;;65;28,57%;uninfected;uninfected;
CMB;3;CM;11:39-13:39;;70;28,57%;uninfected;uninfected;
CMB;3;CM;11:39-13:39;;75;28,57%;uninfected;uninfected;
CMB;3;CM;11:39-13:39;;80;28,57%;uninfected;uninfected;
CMB;3;CM;11:39-13:39;;85;28,57%;uninfected;uninfected;
CMB;3;CM;11:39-13:39;;90;28,57%;uninfected;uninfected;
CMB;3;CM;11:39-13:39;;95;28,57%;uninfected;uninfected;
CMB;3;CM;11:39-13:39;;100;28,57%;uninfected;uninfected;
CMB;3;CM;11:39-13:39;;105;28,57%;uninfected;uninfected;
CMB;3;CM;11:39-13:39;;110;28,57%;uninfected;uninfected;
CMB;3;CM;11:39-13:39;;115;28,57%;uninfected;uninfected;
CMB;3;CM;11:39-13:39;;120;28,57%;uninfected;uninfected;
ControlA;3;Control;11:39-13:39;42;5;0,00%;uninfected;uninfected;
ControlA;3;Control;11:39-13:39;;10;0,00%;uninfected;uninfected;
ControlA;3;Control;11:39-13:39;;15;0,00%;uninfected;uninfected;
ControlA;3;Control;11:39-13:39;;20;0,00%;uninfected;uninfected;
ControlA;3;Control;11:39-13:39;;25;0,00%;uninfected;uninfected;
ControlA;3;Control;11:39-13:39;;30;0,00%;uninfected;uninfected;
ControlA;3;Control;11:39-13:39;;35;0,00%;uninfected;uninfected;
ControlA;3;Control;11:39-13:39;;40;0,00%;uninfected;uninfected;
ControlA;3;Control;11:39-13:39;;45;28,57%;uninfected;uninfected;
ControlA;3;Control;11:39-13:39;;50;28,57%;uninfected;uninfected;
ControlA;3;Control;11:39-13:39;;55;28,57%;uninfected;uninfected;
ControlA;3;Control;11:39-13:39;;60;28,57%;uninfected;uninfected;
ControlA;3;Control;11:39-13:39;;65;28,57%;uninfected;uninfected;
ControlA;3;Control;11:39-13:39;;70;28,57%;uninfected;uninfected;
ControlA;3;Control;11:39-13:39;;75;28,57%;uninfected;uninfected;
ControlA;3;Control;11:39-13:39;;80;28,57%;uninfected;uninfected;
ControlA;3;Control;11:39-13:39;;85;28,57%;uninfected;uninfected;
ControlA;3;Control;11:39-13:39;;90;28,57%;uninfected;uninfected;
ControlA;3;Control;11:39-13:39;;95;28,57%;uninfected;uninfected;
ControlA;3;Control;11:39-13:39;;100;0,00%;uninfected;uninfected;
ControlA;3;Control;11:39-13:39;;105;0,00%;uninfected;uninfected;
ControlA;3;Control;11:39-13:39;;110;28,57%;uninfected;uninfected;
ControlA;3;Control;11:39-13:39;;115;28,57%;uninfected;uninfected;
ControlA;3;Control;11:39-13:39;;120;0,00%;uninfected;uninfected;
ControlB;3;Control;11:39-13:39;94;5;0,00%;infected;infected;
ControlB;3;Control;11:39-13:39;;10;0,00%;infected;infected;
ControlB;3;Control;11:39-13:39;;15;0,00%;infected;infected;
ControlB;3;Control;11:39-13:39;;20;0,00%;infected;infected;
ControlB;3;Control;11:39-13:39;;25;0,00%;infected;infected;
ControlB;3;Control;11:39-13:39;;30;0,00%;infected;infected;
ControlB;3;Control;11:39-13:39;;35;0,00%;infected;infected;
ControlB;3;Control;11:39-13:39;;40;0,00%;infected;infected;
ControlB;3;Control;11:39-13:39;;45;0,00%;infected;infected;
ControlB;3;Control;11:39-13:39;;50;0,00%;infected;infected;
ControlB;3;Control;11:39-13:39;;55;0,00%;infected;infected;
ControlB;3;Control;11:39-13:39;;60;0,00%;infected;infected;
ControlB;3;Control;11:39-13:39;;65;0,00%;infected;infected;
ControlB;3;Control;11:39-13:39;;70;0,00%;infected;infected;
ControlB;3;Control;11:39-13:39;;75;0,00%;infected;infected;
ControlB;3;Control;11:39-13:39;;80;0,00%;infected;infected;
ControlB;3;Control;11:39-13:39;;85;0,00%;infected;infected;
ControlB;3;Control;11:39-13:39;;90;0,00%;infected;infected;
ControlB;3;Control;11:39-13:39;;95;28,57%;infected;infected;
ControlB;3;Control;11:39-13:39;;100;28,57%;infected;infected;
ControlB;3;Control;11:39-13:39;;105;28,57%;infected;infected;
ControlB;3;Control;11:39-13:39;;110;28,57%;infected;infected;
ControlB;3;Control;11:39-13:39;;115;28,57%;infected;infected;
ControlB;3;Control;11:39-13:39;;120;28,57%;infected;infected;
HSA;3;HS;11:39-13:39;12;5;0,00%;infected;infected;
HSA;3;HS;11:39-13:39;;10;0,00%;infected;infected;
HSA;3;HS;11:39-13:39;;15;42,86%;infected;infected;
HSA;3;HS;11:39-13:39;;20;42,86%;infected;infected;
HSA;3;HS;11:39-13:39;;25;28,57%;infected;infected;
HSA;3;HS;11:39-13:39;;30;28,57%;infected;infected;
HSA;3;HS;11:39-13:39;;35;28,57%;infected;infected;
HSA;3;HS;11:39-13:39;;40;28,57%;infected;infected;
HSA;3;HS;11:39-13:39;;45;28,57%;infected;infected;
HSA;3;HS;11:39-13:39;;50;0,00%;infected;infected;
HSA;3;HS;11:39-13:39;;55;0,00%;infected;infected;
HSA;3;HS;11:39-13:39;;60;0,00%;infected;infected;
HSA;3;HS;11:39-13:39;;65;0,00%;infected;infected;
HSA;3;HS;11:39-13:39;;70;28,57%;infected;infected;
HSA;3;HS;11:39-13:39;;75;28,57%;infected;infected;
HSA;3;HS;11:39-13:39;;80;28,57%;infected;infected;
HSA;3;HS;11:39-13:39;;85;57,14%;infected;infected;
HSA;3;HS;11:39-13:39;;90;57,14%;infected;infected;
HSA;3;HS;11:39-13:39;;95;57,14%;infected;infected;
HSA;3;HS;11:39-13:39;;100;57,14%;infected;infected;
HSA;3;HS;11:39-13:39;;105;57,14%;infected;infected;
HSA;3;HS;11:39-13:39;;110;71,43%;infected;infected;
HSA;3;HS;11:39-13:39;;115;71,43%;infected;infected;
HSA;3;HS;11:39-13:39;;120;71,43%;infected;infected;
HSB;3;HS;11:39-13:39;18;5;0,00%;uninfected;uninfected;
HSB;3;HS;11:39-13:39;;10;0,00%;uninfected;uninfected;
HSB;3;HS;11:39-13:39;;15;0,00%;uninfected;uninfected;
HSB;3;HS;11:39-13:39;;20;28,57%;uninfected;uninfected;
HSB;3;HS;11:39-13:39;;25;28,57%;uninfected;uninfected;
HSB;3;HS;11:39-13:39;;30;28,57%;uninfected;uninfected;
HSB;3;HS;11:39-13:39;;35;28,57%;uninfected;uninfected;
HSB;3;HS;11:39-13:39;;40;28,57%;uninfected;uninfected;
HSB;3;HS;11:39-13:39;;45;28,57%;uninfected;uninfected;
HSB;3;HS;11:39-13:39;;50;28,57%;uninfected;uninfected;
HSB;3;HS;11:39-13:39;;55;28,57%;uninfected;uninfected;
HSB;3;HS;11:39-13:39;;60;28,57%;uninfected;uninfected;
HSB;3;HS;11:39-13:39;;65;28,57%;uninfected;uninfected;
HSB;3;HS;11:39-13:39;;70;0,00%;uninfected;uninfected;
HSB;3;HS;11:39-13:39;;75;0,00%;uninfected;uninfected;
HSB;3;HS;11:39-13:39;;80;0,00%;uninfected;uninfected;
HSB;3;HS;11:39-13:39;;85;28,57%;uninfected;uninfected;
HSB;3;HS;11:39-13:39;;90;28,57%;uninfected;uninfected;
HSB;3;HS;11:39-13:39;;95;28,57%;uninfected;uninfected;
HSB;3;HS;11:39-13:39;;100;28,57%;uninfected;uninfected;
HSB;3;HS;11:39-13:39;;105;0,00%;uninfected;uninfected;
HSB;3;HS;11:39-13:39;;110;0,00%;uninfected;uninfected;
HSB;3;HS;11:39-13:39;;115;0,00%;uninfected;uninfected;
HSB;3;HS;11:39-13:39;;120;0,00%;uninfected;uninfected;
HTA;3;HT;11:39-13:39;15;5;0,00%;uninfected;uninfected;
HTA;3;HT;11:39-13:39;;10;0,00%;uninfected;uninfected;
HTA;3;HT;11:39-13:39;;15;28,57%;uninfected;uninfected;
HTA;3;HT;11:39-13:39;;20;42,86%;uninfected;uninfected;
HTA;3;HT;11:39-13:39;;25;28,57%;uninfected;uninfected;
HTA;3;HT;11:39-13:39;;30;28,57%;uninfected;uninfected;
HTA;3;HT;11:39-13:39;;35;42,86%;uninfected;uninfected;
HTA;3;HT;11:39-13:39;;40;42,86%;uninfected;uninfected;
HTA;3;HT;11:39-13:39;;45;42,86%;uninfected;uninfected;
HTA;3;HT;11:39-13:39;;50;42,86%;uninfected;uninfected;
HTA;3;HT;11:39-13:39;;55;42,86%;uninfected;uninfected;
HTA;3;HT;11:39-13:39;;60;42,86%;uninfected;uninfected;
HTA;3;HT;11:39-13:39;;65;42,86%;uninfected;uninfected;
HTA;3;HT;11:39-13:39;;70;42,86%;uninfected;uninfected;
HTA;3;HT;11:39-13:39;;75;42,86%;uninfected;uninfected;
HTA;3;HT;11:39-13:39;;80;42,86%;uninfected;uninfected;
HTA;3;HT;11:39-13:39;;85;42,86%;uninfected;uninfected;
HTA;3;HT;11:39-13:39;;90;42,86%;uninfected;uninfected;
HTA;3;HT;11:39-13:39;;95;42,86%;uninfected;uninfected;
HTA;3;HT;11:39-13:39;;100;42,86%;uninfected;uninfected;
HTA;3;HT;11:39-13:39;;105;42,86%;uninfected;uninfected;
HTA;3;HT;11:39-13:39;;110;42,86%;uninfected;uninfected;
HTA;3;HT;11:39-13:39;;115;42,86%;uninfected;uninfected;
HTA;3;HT;11:39-13:39;;120;42,86%;uninfected;uninfected;
HTB;3;HT;11:39-13:39;NA;5;0,00%;infected;infected;
HTB;3;HT;11:39-13:39;;10;0,00%;infected;infected;
HTB;3;HT;11:39-13:39;;15;0,00%;infected;infected;
HTB;3;HT;11:39-13:39;;20;0,00%;infected;infected;
HTB;3;HT;11:39-13:39;;25;0,00%;infected;infected;
HTB;3;HT;11:39-13:39;;30;0,00%;infected;infected;
HTB;3;HT;11:39-13:39;;35;0,00%;infected;infected;
HTB;3;HT;11:39-13:39;;40;0,00%;infected;infected;
HTB;3;HT;11:39-13:39;;45;0,00%;infected;infected;
HTB;3;HT;11:39-13:39;;50;0,00%;infected;infected;
HTB;3;HT;11:39-13:39;;55;0,00%;infected;infected;
HTB;3;HT;11:39-13:39;;60;0,00%;infected;infected;
HTB;3;HT;11:39-13:39;;65;0,00%;infected;infected;
HTB;3;HT;11:39-13:39;;70;0,00%;infected;infected;
HTB;3;HT;11:39-13:39;;75;0,00%;infected;infected;
HTB;3;HT;11:39-13:39;;80;0,00%;infected;infected;
HTB;3;HT;11:39-13:39;;85;0,00%;infected;infected;
HTB;3;HT;11:39-13:39;;90;0,00%;infected;infected;
HTB;3;HT;11:39-13:39;;95;0,00%;infected;infected;
HTB;3;HT;11:39-13:39;;100;0,00%;infected;infected;
HTB;3;HT;11:39-13:39;;105;0,00%;infected;infected;
HTB;3;HT;11:39-13:39;;110;0,00%;infected;infected;
HTB;3;HT;11:39-13:39;;115;0,00%;infected;infected;
HTB;3;HT;11:39-13:39;;120;0,00%;infected;infected;
CM1;4;CM;12:33-14:33;6;5;0,00%;uninfected;uninfected;
CM1;4;CM;12:33-14:33;;10;28,57%;uninfected;uninfected;
CM1;4;CM;12:33-14:33;;15;28,57%;uninfected;uninfected;
CM1;4;CM;12:33-14:33;;20;0,00%;uninfected;uninfected;
CM1;4;CM;12:33-14:33;;25;28,57%;uninfected;uninfected;
CM1;4;CM;12:33-14:33;;30;0,00%;uninfected;uninfected;
CM1;4;CM;12:33-14:33;;35;0,00%;uninfected;uninfected;
CM1;4;CM;12:33-14:33;;40;0,00%;uninfected;uninfected;
CM1;4;CM;12:33-14:33;;45;0,00%;uninfected;uninfected;
CM1;4;CM;12:33-14:33;;50;0,00%;uninfected;uninfected;
CM1;4;CM;12:33-14:33;;55;0,00%;uninfected;uninfected;
CM1;4;CM;12:33-14:33;;60;0,00%;uninfected;uninfected;
CM1;4;CM;12:33-14:33;;65;28,57%;uninfected;uninfected;
CM1;4;CM;12:33-14:33;;70;28,57%;uninfected;uninfected;
CM1;4;CM;12:33-14:33;;75;28,57%;uninfected;uninfected;
CM1;4;CM;12:33-14:33;;80;28,57%;uninfected;uninfected;
CM1;4;CM;12:33-14:33;;85;28,57%;uninfected;uninfected;
CM1;4;CM;12:33-14:33;;90;28,57%;uninfected;uninfected;
CM1;4;CM;12:33-14:33;;95;28,57%;uninfected;uninfected;
CM1;4;CM;12:33-14:33;;100;28,57%;uninfected;uninfected;
CM1;4;CM;12:33-14:33;;105;28,57%;uninfected;uninfected;
CM1;4;CM;12:33-14:33;;110;28,57%;uninfected;uninfected;
CM1;4;CM;12:33-14:33;;115;28,57%;uninfected;uninfected;
CM1;4;CM;12:33-14:33;;120;28,57%;uninfected;uninfected;
CM2;4;CM;12:33-14:33;32;5;0,00%;infected;infected;
CM2;4;CM;12:33-14:33;;10;0,00%;infected;infected;
CM2;4;CM;12:33-14:33;;15;0,00%;infected;infected;
CM2;4;CM;12:33-14:33;;20;0,00%;infected;infected;
CM2;4;CM;12:33-14:33;;25;0,00%;infected;infected;
CM2;4;CM;12:33-14:33;;30;0,00%;infected;infected;
CM2;4;CM;12:33-14:33;;35;28,57%;infected;infected;
CM2;4;CM;12:33-14:33;;40;28,57%;infected;infected;
CM2;4;CM;12:33-14:33;;45;28,57%;infected;infected;
CM2;4;CM;12:33-14:33;;50;28,57%;infected;infected;
CM2;4;CM;12:33-14:33;;55;28,57%;infected;infected;
CM2;4;CM;12:33-14:33;;60;28,57%;infected;infected;
CM2;4;CM;12:33-14:33;;65;28,57%;infected;infected;
CM2;4;CM;12:33-14:33;;70;28,57%;infected;infected;
CM2;4;CM;12:33-14:33;;75;57,14%;infected;infected;
CM2;4;CM;12:33-14:33;;80;57,14%;infected;infected;
CM2;4;CM;12:33-14:33;;85;57,14%;infected;infected;
CM2;4;CM;12:33-14:33;;90;57,14%;infected;infected;
CM2;4;CM;12:33-14:33;;95;57,14%;infected;infected;
CM2;4;CM;12:33-14:33;;100;57,14%;infected;infected;
CM2;4;CM;12:33-14:33;;105;57,14%;infected;infected;
CM2;4;CM;12:33-14:33;;110;57,14%;infected;infected;
CM2;4;CM;12:33-14:33;;115;57,14%;infected;infected;
CM2;4;CM;12:33-14:33;;120;57,14%;infected;infected;
Control1;4;Control;12:33-14:33;40;5;0,00%;uninfected;uninfected;
Control1;4;Control;12:33-14:33;;10;0,00%;uninfected;uninfected;
Control1;4;Control;12:33-14:33;;15;0,00%;uninfected;uninfected;
Control1;4;Control;12:33-14:33;;20;0,00%;uninfected;uninfected;
Control1;4;Control;12:33-14:33;;25;0,00%;uninfected;uninfected;
Control1;4;Control;12:33-14:33;;30;0,00%;uninfected;uninfected;
Control1;4;Control;12:33-14:33;;35;0,00%;uninfected;uninfected;
Control1;4;Control;12:33-14:33;;40;28,57%;uninfected;uninfected;
Control1;4;Control;12:33-14:33;;45;28,57%;uninfected;uninfected;
Control1;4;Control;12:33-14:33;;50;28,57%;uninfected;uninfected;
Control1;4;Control;12:33-14:33;;55;28,57%;uninfected;uninfected;
Control1;4;Control;12:33-14:33;;60;28,57%;uninfected;uninfected;
Control1;4;Control;12:33-14:33;;65;28,57%;uninfected;uninfected;
Control1;4;Control;12:33-14:33;;70;28,57%;uninfected;uninfected;
Control1;4;Control;12:33-14:33;;75;28,57%;uninfected;uninfected;
Control1;4;Control;12:33-14:33;;80;28,57%;uninfected;uninfected;
Control1;4;Control;12:33-14:33;;85;28,57%;uninfected;uninfected;
Control1;4;Control;12:33-14:33;;90;28,57%;uninfected;uninfected;
Control1;4;Control;12:33-14:33;;95;28,57%;uninfected;uninfected;
Control1;4;Control;12:33-14:33;;100;28,57%;uninfected;uninfected;
Control1;4;Control;12:33-14:33;;105;28,57%;uninfected;uninfected;
Control1;4;Control;12:33-14:33;;110;28,57%;uninfected;uninfected;
Control1;4;Control;12:33-14:33;;115;28,57%;uninfected;uninfected;
Control1;4;Control;12:33-14:33;;120;28,57%;uninfected;uninfected;
Control2;4;Control;12:33-14:33;NA;5;0,00%;infected;infected;
Control2;4;Control;12:33-14:33;;10;0,00%;infected;infected;
Control2;4;Control;12:33-14:33;;15;0,00%;infected;infected;
Control2;4;Control;12:33-14:33;;20;0,00%;infected;infected;
Control2;4;Control;12:33-14:33;;25;0,00%;infected;infected;
Control2;4;Control;12:33-14:33;;30;0,00%;infected;infected;
Control2;4;Control;12:33-14:33;;35;0,00%;infected;infected;
Control2;4;Control;12:33-14:33;;40;0,00%;infected;infected;
Control2;4;Control;12:33-14:33;;45;0,00%;infected;infected;
Control2;4;Control;12:33-14:33;;50;0,00%;infected;infected;
Control2;4;Control;12:33-14:33;;55;0,00%;infected;infected;
Control2;4;Control;12:33-14:33;;60;0,00%;infected;infected;
Control2;4;Control;12:33-14:33;;65;0,00%;infected;infected;
Control2;4;Control;12:33-14:33;;70;0,00%;infected;infected;
Control2;4;Control;12:33-14:33;;75;0,00%;infected;infected;
Control2;4;Control;12:33-14:33;;80;0,00%;infected;infected;
Control2;4;Control;12:33-14:33;;85;0,00%;infected;infected;
Control2;4;Control;12:33-14:33;;90;0,00%;infected;infected;
Control2;4;Control;12:33-14:33;;95;0,00%;infected;infected;
Control2;4;Control;12:33-14:33;;100;0,00%;infected;infected;
Control2;4;Control;12:33-14:33;;105;0,00%;infected;infected;
Control2;4;Control;12:33-14:33;;110;0,00%;infected;infected;
Control2;4;Control;12:33-14:33;;115;0,00%;infected;infected;
Control2;4;Control;12:33-14:33;;120;0,00%;infected;infected;
HS1;4;HS;12:33-14:33;NA;5;0,00%;infected;infected;
HS1;4;HS;12:33-14:33;;10;0,00%;infected;infected;
HS1;4;HS;12:33-14:33;;15;0,00%;infected;infected;
HS1;4;HS;12:33-14:33;;20;0,00%;infected;infected;
HS1;4;HS;12:33-14:33;;25;0,00%;infected;infected;
HS1;4;HS;12:33-14:33;;30;0,00%;infected;infected;
HS1;4;HS;12:33-14:33;;35;0,00%;infected;infected;
HS1;4;HS;12:33-14:33;;40;0,00%;infected;infected;
HS1;4;HS;12:33-14:33;;45;0,00%;infected;infected;
HS1;4;HS;12:33-14:33;;50;0,00%;infected;infected;
HS1;4;HS;12:33-14:33;;55;0,00%;infected;infected;
HS1;4;HS;12:33-14:33;;60;0,00%;infected;infected;
HS1;4;HS;12:33-14:33;;65;0,00%;infected;infected;
HS1;4;HS;12:33-14:33;;70;0,00%;infected;infected;
HS1;4;HS;12:33-14:33;;75;0,00%;infected;infected;
HS1;4;HS;12:33-14:33;;80;0,00%;infected;infected;
HS1;4;HS;12:33-14:33;;85;0,00%;infected;infected;
HS1;4;HS;12:33-14:33;;90;0,00%;infected;infected;
HS1;4;HS;12:33-14:33;;95;0,00%;infected;infected;
HS1;4;HS;12:33-14:33;;100;0,00%;infected;infected;
HS1;4;HS;12:33-14:33;;105;0,00%;infected;infected;
HS1;4;HS;12:33-14:33;;110;0,00%;infected;infected;
HS1;4;HS;12:33-14:33;;115;0,00%;infected;infected;
HS1;4;HS;12:33-14:33;;120;0,00%;infected;infected;
HS2;4;HS;12:33-14:33;18;5;0,00%;uninfected;uninfected;
HS2;4;HS;12:33-14:33;;10;0,00%;uninfected;uninfected;
HS2;4;HS;12:33-14:33;;15;0,00%;uninfected;uninfected;
HS2;4;HS;12:33-14:33;;20;42,86%;uninfected;uninfected;
HS2;4;HS;12:33-14:33;;25;42,86%;uninfected;uninfected;
HS2;4;HS;12:33-14:33;;30;42,86%;uninfected;uninfected;
HS2;4;HS;12:33-14:33;;35;42,86%;uninfected;uninfected;
HS2;4;HS;12:33-14:33;;40;28,57%;uninfected;uninfected;
HS2;4;HS;12:33-14:33;;45;28,57%;uninfected;uninfected;
HS2;4;HS;12:33-14:33;;50;28,57%;uninfected;uninfected;
HS2;4;HS;12:33-14:33;;55;28,57%;uninfected;uninfected;
HS2;4;HS;12:33-14:33;;60;28,57%;uninfected;uninfected;
HS2;4;HS;12:33-14:33;;65;28,57%;uninfected;uninfected;
HS2;4;HS;12:33-14:33;;70;28,57%;uninfected;uninfected;
HS2;4;HS;12:33-14:33;;75;0,00%;uninfected;uninfected;
HS2;4;HS;12:33-14:33;;80;28,57%;uninfected;uninfected;
HS2;4;HS;12:33-14:33;;85;28,57%;uninfected;uninfected;
HS2;4;HS;12:33-14:33;;90;28,57%;uninfected;uninfected;
HS2;4;HS;12:33-14:33;;95;28,57%;uninfected;uninfected;
HS2;4;HS;12:33-14:33;;100;28,57%;uninfected;uninfected;
HS2;4;HS;12:33-14:33;;105;28,57%;uninfected;uninfected;
HS2;4;HS;12:33-14:33;;110;28,57%;uninfected;uninfected;
HS2;4;HS;12:33-14:33;;115;28,57%;uninfected;uninfected;
HS2;4;HS;12:33-14:33;;120;28,57%;uninfected;uninfected;
HT1;4;HT;12:33-14:33;11;5;0,00%;infected;infected;
HT1;4;HT;12:33-14:33;;10;0,00%;infected;infected;
HT1;4;HT;12:33-14:33;;15;28,57%;infected;infected;
HT1;4;HT;12:33-14:33;;20;0,00%;infected;infected;
HT1;4;HT;12:33-14:33;;25;0,00%;infected;infected;
HT1;4;HT;12:33-14:33;;30;0,00%;infected;infected;
HT1;4;HT;12:33-14:33;;35;0,00%;infected;infected;
HT1;4;HT;12:33-14:33;;40;28,57%;infected;infected;
HT1;4;HT;12:33-14:33;;45;28,57%;infected;infected;
HT1;4;HT;12:33-14:33;;50;28,57%;infected;infected;
HT1;4;HT;12:33-14:33;;55;28,57%;infected;infected;
HT1;4;HT;12:33-14:33;;60;28,57%;infected;infected;
HT1;4;HT;12:33-14:33;;65;28,57%;infected;infected;
HT1;4;HT;12:33-14:33;;70;28,57%;infected;infected;
HT1;4;HT;12:33-14:33;;75;28,57%;infected;infected;
HT1;4;HT;12:33-14:33;;80;28,57%;infected;infected;
HT1;4;HT;12:33-14:33;;85;28,57%;infected;infected;
HT1;4;HT;12:33-14:33;;90;28,57%;infected;infected;
HT1;4;HT;12:33-14:33;;95;28,57%;infected;infected;
HT1;4;HT;12:33-14:33;;100;28,57%;infected;infected;
HT1;4;HT;12:33-14:33;;105;28,57%;infected;infected;
HT1;4;HT;12:33-14:33;;110;28,57%;infected;infected;
HT1;4;HT;12:33-14:33;;115;28,57%;infected;infected;
HT1;4;HT;12:33-14:33;;120;28,57%;infected;infected;
HT2;4;HT;12:33-14:33;9;5;0,00%;uninfected;uninfected;
HT2;4;HT;12:33-14:33;;10;28,57%;uninfected;uninfected;
HT2;4;HT;12:33-14:33;;15;28,57%;uninfected;uninfected;
HT2;4;HT;12:33-14:33;;20;71,43%;uninfected;uninfected;
HT2;4;HT;12:33-14:33;;25;71,43%;uninfected;uninfected;
HT2;4;HT;12:33-14:33;;30;71,43%;uninfected;uninfected;
HT2;4;HT;12:33-14:33;;35;71,43%;uninfected;uninfected;
HT2;4;HT;12:33-14:33;;40;71,43%;uninfected;uninfected;
HT2;4;HT;12:33-14:33;;45;71,43%;uninfected;uninfected;
HT2;4;HT;12:33-14:33;;50;71,43%;uninfected;uninfected;
HT2;4;HT;12:33-14:33;;55;71,43%;uninfected;uninfected;
HT2;4;HT;12:33-14:33;;60;71,43%;uninfected;uninfected;
HT2;4;HT;12:33-14:33;;65;71,43%;uninfected;uninfected;
HT2;4;HT;12:33-14:33;;70;71,43%;uninfected;uninfected;
HT2;4;HT;12:33-14:33;;75;71,43%;uninfected;uninfected;
HT2;4;HT;12:33-14:33;;80;71,43%;uninfected;uninfected;
HT2;4;HT;12:33-14:33;;85;71,43%;uninfected;uninfected;
HT2;4;HT;12:33-14:33;;90;71,43%;uninfected;uninfected;
HT2;4;HT;12:33-14:33;;95;71,43%;uninfected;uninfected;
HT2;4;HT;12:33-14:33;;100;71,43%;uninfected;uninfected;
HT2;4;HT;12:33-14:33;;105;71,43%;uninfected;uninfected;
HT2;4;HT;12:33-14:33;;110;71,43%;uninfected;uninfected;
HT2;4;HT;12:33-14:33;;115;71,43%;uninfected;uninfected;
HT2;4;HT;12:33-14:33;;120;71,43%;uninfected;uninfected;
CMA;5;CM;15:28-17:28;14;5;0,00%;uninfected;uninfected;
CMA;5;CM;15:28-17:28;;10;0,00%;uninfected;uninfected;
CMA;5;CM;15:28-17:28;;15;28,57%;uninfected;uninfected;
CMA;5;CM;15:28-17:28;;20;28,57%;uninfected;uninfected;
CMA;5;CM;15:28-17:28;;25;28,57%;uninfected;uninfected;
CMA;5;CM;15:28-17:28;;30;28,57%;uninfected;uninfected;
CMA;5;CM;15:28-17:28;;35;28,57%;uninfected;uninfected;
CMA;5;CM;15:28-17:28;;40;28,57%;uninfected;uninfected;
CMA;5;CM;15:28-17:28;;45;42,86%;uninfected;uninfected;
CMA;5;CM;15:28-17:28;;50;42,86%;uninfected;uninfected;
CMA;5;CM;15:28-17:28;;55;42,86%;uninfected;uninfected;
CMA;5;CM;15:28-17:28;;60;42,86%;uninfected;uninfected;
CMA;5;CM;15:28-17:28;;65;42,86%;uninfected;uninfected;
CMA;5;CM;15:28-17:28;;70;42,86%;uninfected;uninfected;
CMA;5;CM;15:28-17:28;;75;42,86%;uninfected;uninfected;
CMA;5;CM;15:28-17:28;;80;42,86%;uninfected;uninfected;
CMA;5;CM;15:28-17:28;;85;42,86%;uninfected;uninfected;
CMA;5;CM;15:28-17:28;;90;42,86%;uninfected;uninfected;
CMA;5;CM;15:28-17:28;;95;42,86%;uninfected;uninfected;
CMA;5;CM;15:28-17:28;;100;42,86%;uninfected;uninfected;
CMA;5;CM;15:28-17:28;;105;42,86%;uninfected;uninfected;
CMA;5;CM;15:28-17:28;;110;42,86%;uninfected;uninfected;
CMA;5;CM;15:28-17:28;;115;42,86%;uninfected;uninfected;
CMA;5;CM;15:28-17:28;;120;42,86%;uninfected;uninfected;
CMB;5;CM;15:28-17:28;45;5;0,00%;infected;infected;
CMB;5;CM;15:28-17:28;;10;0,00%;infected;NA;died
CMB;5;CM;15:28-17:28;;15;0,00%;infected;infected;
CMB;5;CM;15:28-17:28;;20;0,00%;infected;infected;
CMB;5;CM;15:28-17:28;;25;0,00%;infected;infected;
CMB;5;CM;15:28-17:28;;30;0,00%;infected;infected;
CMB;5;CM;15:28-17:28;;35;0,00%;infected;infected;
CMB;5;CM;15:28-17:28;;40;0,00%;infected;infected;
CMB;5;CM;15:28-17:28;;45;28,57%;infected;NA;died
CMB;5;CM;15:28-17:28;;50;28,57%;infected;infected;
CMB;5;CM;15:28-17:28;;55;57,14%;infected;infected;
CMB;5;CM;15:28-17:28;;60;28,57%;infected;infected;
CMB;5;CM;15:28-17:28;;65;28,57%;infected;infected;
CMB;5;CM;15:28-17:28;;70;28,57%;infected;infected;
CMB;5;CM;15:28-17:28;;75;28,57%;infected;infected;
CMB;5;CM;15:28-17:28;;80;28,57%;infected;NA;died
CMB;5;CM;15:28-17:28;;85;28,57%;infected;infected;
CMB;5;CM;15:28-17:28;;90;28,57%;infected;infected;
CMB;5;CM;15:28-17:28;;95;28,57%;infected;infected;
CMB;5;CM;15:28-17:28;;100;28,57%;infected;infected;
CMB;5;CM;15:28-17:28;;105;28,57%;infected;infected;
CMB;5;CM;15:28-17:28;;110;28,57%;infected;infected;
CMB;5;CM;15:28-17:28;;115;28,57%;infected;infected;
CMB;5;CM;15:28-17:28;;120;28,57%;infected;infected;
ControlA;5;Control;15:28-17:28;20;5;0,00%;infected;infected;
ControlA;5;Control;15:28-17:28;;10;0,00%;infected;infected;
ControlA;5;Control;15:28-17:28;;15;0,00%;infected;infected;
ControlA;5;Control;15:28-17:28;;20;28,57%;infected;infected;
ControlA;5;Control;15:28-17:28;;25;42,86%;infected;infected;
ControlA;5;Control;15:28-17:28;;30;42,86%;infected;infected;
ControlA;5;Control;15:28-17:28;;35;42,86%;infected;infected;
ControlA;5;Control;15:28-17:28;;40;28,57%;infected;infected;
ControlA;5;Control;15:28-17:28;;45;28,57%;infected;infected;
ControlA;5;Control;15:28-17:28;;50;28,57%;infected;infected;
ControlA;5;Control;15:28-17:28;;55;28,57%;infected;infected;
ControlA;5;Control;15:28-17:28;;60;28,57%;infected;infected;
ControlA;5;Control;15:28-17:28;;65;28,57%;infected;infected;
ControlA;5;Control;15:28-17:28;;70;28,57%;infected;infected;
ControlA;5;Control;15:28-17:28;;75;28,57%;infected;infected;
ControlA;5;Control;15:28-17:28;;80;28,57%;infected;infected;
ControlA;5;Control;15:28-17:28;;85;28,57%;infected;infected;
ControlA;5;Control;15:28-17:28;;90;28,57%;infected;infected;
ControlA;5;Control;15:28-17:28;;95;28,57%;infected;infected;
ControlA;5;Control;15:28-17:28;;100;28,57%;infected;infected;
ControlA;5;Control;15:28-17:28;;105;28,57%;infected;infected;
ControlA;5;Control;15:28-17:28;;110;28,57%;infected;infected;
ControlA;5;Control;15:28-17:28;;115;28,57%;infected;infected;
ControlA;5;Control;15:28-17:28;;120;28,57%;infected;infected;
ControlB;5;Control;15:28-17:28;NA;5;0,00%;uninfected;uninfected;
ControlB;5;Control;15:28-17:28;;10;0,00%;uninfected;uninfected;
ControlB;5;Control;15:28-17:28;;15;0,00%;uninfected;uninfected;
ControlB;5;Control;15:28-17:28;;20;0,00%;uninfected;uninfected;
ControlB;5;Control;15:28-17:28;;25;0,00%;uninfected;uninfected;
ControlB;5;Control;15:28-17:28;;30;0,00%;uninfected;uninfected;
ControlB;5;Control;15:28-17:28;;35;0,00%;uninfected;uninfected;
ControlB;5;Control;15:28-17:28;;40;0,00%;uninfected;uninfected;
ControlB;5;Control;15:28-17:28;;45;0,00%;uninfected;uninfected;
ControlB;5;Control;15:28-17:28;;50;0,00%;uninfected;uninfected;
ControlB;5;Control;15:28-17:28;;55;0,00%;uninfected;uninfected;
ControlB;5;Control;15:28-17:28;;60;0,00%;uninfected;uninfected;
ControlB;5;Control;15:28-17:28;;65;0,00%;uninfected;uninfected;
ControlB;5;Control;15:28-17:28;;70;0,00%;uninfected;uninfected;
ControlB;5;Control;15:28-17:28;;75;0,00%;uninfected;uninfected;
ControlB;5;Control;15:28-17:28;;80;0,00%;uninfected;uninfected;
ControlB;5;Control;15:28-17:28;;85;0,00%;uninfected;uninfected;
ControlB;5;Control;15:28-17:28;;90;0,00%;uninfected;uninfected;
ControlB;5;Control;15:28-17:28;;95;0,00%;uninfected;uninfected;
ControlB;5;Control;15:28-17:28;;100;0,00%;uninfected;uninfected;
ControlB;5;Control;15:28-17:28;;105;0,00%;uninfected;uninfected;
ControlB;5;Control;15:28-17:28;;110;0,00%;uninfected;uninfected;
ControlB;5;Control;15:28-17:28;;115;0,00%;uninfected;uninfected;
ControlB;5;Control;15:28-17:28;;120;0,00%;uninfected;uninfected;
HSA;5;HS;15:28-17:28;23;5;0,00%;uninfected;uninfected;
HSA;5;HS;15:28-17:28;;10;0,00%;uninfected;uninfected;
HSA;5;HS;15:28-17:28;;15;0,00%;uninfected;uninfected;
HSA;5;HS;15:28-17:28;;20;0,00%;uninfected;uninfected;
HSA;5;HS;15:28-17:28;;25;28,57%;uninfected;uninfected;
HSA;5;HS;15:28-17:28;;30;57,14%;uninfected;uninfected;
HSA;5;HS;15:28-17:28;;35;57,14%;uninfected;uninfected;
HSA;5;HS;15:28-17:28;;40;28,57%;uninfected;uninfected;
HSA;5;HS;15:28-17:28;;45;28,57%;uninfected;uninfected;
HSA;5;HS;15:28-17:28;;50;28,57%;uninfected;uninfected;
HSA;5;HS;15:28-17:28;;55;28,57%;uninfected;uninfected;
HSA;5;HS;15:28-17:28;;60;28,57%;uninfected;uninfected;
HSA;5;HS;15:28-17:28;;65;28,57%;uninfected;uninfected;
HSA;5;HS;15:28-17:28;;70;28,57%;uninfected;uninfected;
HSA;5;HS;15:28-17:28;;75;57,14%;uninfected;uninfected;
HSA;5;HS;15:28-17:28;;80;57,14%;uninfected;uninfected;
HSA;5;HS;15:28-17:28;;85;57,14%;uninfected;uninfected;
HSA;5;HS;15:28-17:28;;90;57,14%;uninfected;uninfected;
HSA;5;HS;15:28-17:28;;95;71,43%;uninfected;uninfected;
HSA;5;HS;15:28-17:28;;100;71,43%;uninfected;uninfected;
HSA;5;HS;15:28-17:28;;105;71,43%;uninfected;uninfected;
HSA;5;HS;15:28-17:28;;110;57,14%;uninfected;uninfected;
HSA;5;HS;15:28-17:28;;115;57,14%;uninfected;uninfected;
HSA;5;HS;15:28-17:28;;120;57,14%;uninfected;uninfected;
HSB;5;HS;15:28-17:28;52;5;0,00%;infected;infected;
HSB;5;HS;15:28-17:28;;10;0,00%;infected;infected;
HSB;5;HS;15:28-17:28;;15;0,00%;infected;infected;
HSB;5;HS;15:28-17:28;;20;0,00%;infected;infected;
HSB;5;HS;15:28-17:28;;25;0,00%;infected;infected;
HSB;5;HS;15:28-17:28;;30;0,00%;infected;infected;
HSB;5;HS;15:28-17:28;;35;0,00%;infected;infected;
HSB;5;HS;15:28-17:28;;40;0,00%;infected;infected;
HSB;5;HS;15:28-17:28;;45;0,00%;infected;infected;
HSB;5;HS;15:28-17:28;;50;0,00%;infected;infected;
HSB;5;HS;15:28-17:28;;55;28,57%;infected;infected;
HSB;5;HS;15:28-17:28;;60;42,86%;infected;infected;
HSB;5;HS;15:28-17:28;;65;28,57%;infected;infected;
HSB;5;HS;15:28-17:28;;70;28,57%;infected;infected;
HSB;5;HS;15:28-17:28;;75;28,57%;infected;infected;
HSB;5;HS;15:28-17:28;;80;42,86%;infected;infected;
HSB;5;HS;15:28-17:28;;85;42,86%;infected;infected;
HSB;5;HS;15:28-17:28;;90;42,86%;infected;infected;
HSB;5;HS;15:28-17:28;;95;57,14%;infected;infected;
HSB;5;HS;15:28-17:28;;100;0,00%;infected;infected;
HSB;5;HS;15:28-17:28;;105;0,00%;infected;infected;
HSB;5;HS;15:28-17:28;;110;0,00%;infected;infected;
HSB;5;HS;15:28-17:28;;115;0,00%;infected;infected;
HSB;5;HS;15:28-17:28;;120;0,00%;infected;infected;
HTA;5;HT;15:28-17:28;23;5;0,00%;infected;infected;
HTA;5;HT;15:28-17:28;;10;0,00%;infected;uninfected;
HTA;5;HT;15:28-17:28;;15;0,00%;infected;infected;
HTA;5;HT;15:28-17:28;;20;0,00%;infected;infected;
HTA;5;HT;15:28-17:28;;25;28,57%;infected;infected;
HTA;5;HT;15:28-17:28;;30;28,57%;infected;infected;
HTA;5;HT;15:28-17:28;;35;57,14%;infected;infected;
HTA;5;HT;15:28-17:28;;40;28,57%;infected;infected;
HTA;5;HT;15:28-17:28;;45;28,57%;infected;uninfected;
HTA;5;HT;15:28-17:28;;50;57,14%;infected;infected;
HTA;5;HT;15:28-17:28;;55;57,14%;infected;infected;
HTA;5;HT;15:28-17:28;;60;57,14%;infected;infected;
HTA;5;HT;15:28-17:28;;65;57,14%;infected;infected;
HTA;5;HT;15:28-17:28;;70;42,86%;infected;infected;
HTA;5;HT;15:28-17:28;;75;42,86%;infected;infected;
HTA;5;HT;15:28-17:28;;80;57,14%;infected;uninfected;
HTA;5;HT;15:28-17:28;;85;57,14%;infected;infected;
HTA;5;HT;15:28-17:28;;90;57,14%;infected;infected;
HTA;5;HT;15:28-17:28;;95;42,86%;infected;infected;
HTA;5;HT;15:28-17:28;;100;42,86%;infected;infected;
HTA;5;HT;15:28-17:28;;105;42,86%;infected;infected;
HTA;5;HT;15:28-17:28;;110;42,86%;infected;infected;
HTA;5;HT;15:28-17:28;;115;42,86%;infected;infected;
HTA;5;HT;15:28-17:28;;120;42,86%;infected;infected;
HTB;5;HT;15:28-17:28;17;5;0,00%;uninfected;uninfected;
HTB;5;HT;15:28-17:28;;10;0,00%;uninfected;uninfected;
HTB;5;HT;15:28-17:28;;15;0,00%;uninfected;uninfected;
HTB;5;HT;15:28-17:28;;20;28,57%;uninfected;uninfected;
HTB;5;HT;15:28-17:28;;25;28,57%;uninfected;uninfected;
HTB;5;HT;15:28-17:28;;30;28,57%;uninfected;uninfected;
HTB;5;HT;15:28-17:28;;35;28,57%;uninfected;uninfected;
HTB;5;HT;15:28-17:28;;40;28,57%;uninfected;uninfected;
HTB;5;HT;15:28-17:28;;45;28,57%;uninfected;uninfected;
HTB;5;HT;15:28-17:28;;50;28,57%;uninfected;uninfected;
HTB;5;HT;15:28-17:28;;55;28,57%;uninfected;uninfected;
HTB;5;HT;15:28-17:28;;60;28,57%;uninfected;uninfected;
HTB;5;HT;15:28-17:28;;65;28,57%;uninfected;uninfected;
HTB;5;HT;15:28-17:28;;70;28,57%;uninfected;uninfected;
HTB;5;HT;15:28-17:28;;75;28,57%;uninfected;uninfected;
HTB;5;HT;15:28-17:28;;80;28,57%;uninfected;uninfected;
HTB;5;HT;15:28-17:28;;85;28,57%;uninfected;uninfected;
HTB;5;HT;15:28-17:28;;90;28,57%;uninfected;uninfected;
HTB;5;HT;15:28-17:28;;95;28,57%;uninfected;uninfected;
HTB;5;HT;15:28-17:28;;100;28,57%;uninfected;uninfected;
HTB;5;HT;15:28-17:28;;105;28,57%;uninfected;uninfected;
HTB;5;HT;15:28-17:28;;110;28,57%;uninfected;uninfected;
HTB;5;HT;15:28-17:28;;115;28,57%;uninfected;uninfected;
HTB;5;HT;15:28-17:28;;120;28,57%;uninfected;uninfected;
CM1;6;CM;16:05-18:05;31;5;0,00%;infected;infected;
CM1;6;CM;16:05-18:05;;10;0,00%;infected;infected;
CM1;6;CM;16:05-18:05;;15;0,00%;infected;infected;
CM1;6;CM;16:05-18:05;;20;0,00%;infected;infected;
CM1;6;CM;16:05-18:05;;25;0,00%;infected;infected;
CM1;6;CM;16:05-18:05;;30;0,00%;infected;infected;
CM1;6;CM;16:05-18:05;;35;28,57%;infected;infected;
CM1;6;CM;16:05-18:05;;40;28,57%;infected;infected;
CM1;6;CM;16:05-18:05;;45;0,00%;infected;infected;
CM1;6;CM;16:05-18:05;;50;0,00%;infected;infected;
CM1;6;CM;16:05-18:05;;55;0,00%;infected;infected;
CM1;6;CM;16:05-18:05;;60;0,00%;infected;infected;
CM1;6;CM;16:05-18:05;;65;0,00%;infected;infected;
CM1;6;CM;16:05-18:05;;70;0,00%;infected;infected;
CM1;6;CM;16:05-18:05;;75;28,57%;infected;infected;
CM1;6;CM;16:05-18:05;;80;28,57%;infected;infected;
CM1;6;CM;16:05-18:05;;85;28,57%;infected;infected;
CM1;6;CM;16:05-18:05;;90;0,00%;infected;infected;
CM1;6;CM;16:05-18:05;;95;0,00%;infected;infected;
CM1;6;CM;16:05-18:05;;100;0,00%;infected;infected;
CM1;6;CM;16:05-18:05;;105;0,00%;infected;infected;
CM1;6;CM;16:05-18:05;;110;0,00%;infected;infected;
CM1;6;CM;16:05-18:05;;115;0,00%;infected;infected;
CM1;6;CM;16:05-18:05;;120;0,00%;infected;infected;
CM2;6;CM;16:05-18:05;13;5;0,00%;uninfected;uninfected;
CM2;6;CM;16:05-18:05;;10;0,00%;uninfected;uninfected;
CM2;6;CM;16:05-18:05;;15;28,57%;uninfected;uninfected;
CM2;6;CM;16:05-18:05;;20;71,43%;uninfected;uninfected;
CM2;6;CM;16:05-18:05;;25;71,43%;uninfected;uninfected;
CM2;6;CM;16:05-18:05;;30;71,43%;uninfected;uninfected;
CM2;6;CM;16:05-18:05;;35;71,43%;uninfected;uninfected;
CM2;6;CM;16:05-18:05;;40;71,43%;uninfected;uninfected;
CM2;6;CM;16:05-18:05;;45;71,43%;uninfected;uninfected;
CM2;6;CM;16:05-18:05;;50;71,43%;uninfected;uninfected;
CM2;6;CM;16:05-18:05;;55;85,71%;uninfected;uninfected;
CM2;6;CM;16:05-18:05;;60;85,71%;uninfected;uninfected;
CM2;6;CM;16:05-18:05;;65;85,71%;uninfected;uninfected;
CM2;6;CM;16:05-18:05;;70;71,43%;uninfected;uninfected;
CM2;6;CM;16:05-18:05;;75;71,43%;uninfected;uninfected;
CM2;6;CM;16:05-18:05;;80;71,43%;uninfected;uninfected;
CM2;6;CM;16:05-18:05;;85;71,43%;uninfected;uninfected;
CM2;6;CM;16:05-18:05;;90;71,43%;uninfected;uninfected;
CM2;6;CM;16:05-18:05;;95;71,43%;uninfected;uninfected;
CM2;6;CM;16:05-18:05;;100;71,43%;uninfected;uninfected;
CM2;6;CM;16:05-18:05;;105;71,43%;uninfected;uninfected;
CM2;6;CM;16:05-18:05;;110;71,43%;uninfected;uninfected;
CM2;6;CM;16:05-18:05;;115;71,43%;uninfected;uninfected;
CM2;6;CM;16:05-18:05;;120;71,43%;uninfected;uninfected;
Control1;6;Control;16:05-18:05;46;5;0,00%;infected;infected;
Control1;6;Control;16:05-18:05;;10;0,00%;infected;infected;
Control1;6;Control;16:05-18:05;;15;0,00%;infected;infected;
Control1;6;Control;16:05-18:05;;20;0,00%;infected;infected;
Control1;6;Control;16:05-18:05;;25;0,00%;infected;infected;
Control1;6;Control;16:05-18:05;;30;0,00%;infected;infected;
Control1;6;Control;16:05-18:05;;35;0,00%;infected;infected;
Control1;6;Control;16:05-18:05;;40;0,00%;infected;infected;
Control1;6;Control;16:05-18:05;;45;0,00%;infected;infected;
Control1;6;Control;16:05-18:05;;50;28,57%;infected;infected;
Control1;6;Control;16:05-18:05;;55;28,57%;infected;infected;
Control1;6;Control;16:05-18:05;;60;28,57%;infected;infected;
Control1;6;Control;16:05-18:05;;65;28,57%;infected;infected;
Control1;6;Control;16:05-18:05;;70;28,57%;infected;infected;
Control1;6;Control;16:05-18:05;;75;28,57%;infected;infected;
Control1;6;Control;16:05-18:05;;80;28,57%;infected;infected;
Control1;6;Control;16:05-18:05;;85;0,00%;infected;infected;
Control1;6;Control;16:05-18:05;;90;0,00%;infected;infected;
Control1;6;Control;16:05-18:05;;95;0,00%;infected;infected;
Control1;6;Control;16:05-18:05;;100;0,00%;infected;infected;
Control1;6;Control;16:05-18:05;;105;0,00%;infected;infected;
Control1;6;Control;16:05-18:05;;110;0,00%;infected;infected;
Control1;6;Control;16:05-18:05;;115;0,00%;infected;infected;
Control1;6;Control;16:05-18:05;;120;0,00%;infected;infected;
Control2;6;Control;16:05-18:05;22;5;0,00%;uninfected;uninfected;
Control2;6;Control;16:05-18:05;;10;0,00%;uninfected;uninfected;
Control2;6;Control;16:05-18:05;;15;0,00%;uninfected;uninfected;
Control2;6;Control;16:05-18:05;;20;0,00%;uninfected;uninfected;
Control2;6;Control;16:05-18:05;;25;28,57%;uninfected;uninfected;
Control2;6;Control;16:05-18:05;;30;28,57%;uninfected;uninfected;
Control2;6;Control;16:05-18:05;;35;28,57%;uninfected;uninfected;
Control2;6;Control;16:05-18:05;;40;28,57%;uninfected;uninfected;
Control2;6;Control;16:05-18:05;;45;0,00%;uninfected;uninfected;
Control2;6;Control;16:05-18:05;;50;0,00%;uninfected;uninfected;
Control2;6;Control;16:05-18:05;;55;0,00%;uninfected;uninfected;
Control2;6;Control;16:05-18:05;;60;0,00%;uninfected;uninfected;
Control2;6;Control;16:05-18:05;;65;28,57%;uninfected;uninfected;
Control2;6;Control;16:05-18:05;;70;28,57%;uninfected;uninfected;
Control2;6;Control;16:05-18:05;;75;0,00%;uninfected;uninfected;
Control2;6;Control;16:05-18:05;;80;0,00%;uninfected;uninfected;
Control2;6;Control;16:05-18:05;;85;28,57%;uninfected;uninfected;
Control2;6;Control;16:05-18:05;;90;28,57%;uninfected;uninfected;
Control2;6;Control;16:05-18:05;;95;28,57%;uninfected;uninfected;
Control2;6;Control;16:05-18:05;;100;28,57%;uninfected;uninfected;
Control2;6;Control;16:05-18:05;;105;28,57%;uninfected;uninfected;
Control2;6;Control;16:05-18:05;;110;0,00%;uninfected;uninfected;
Control2;6;Control;16:05-18:05;;115;0,00%;uninfected;uninfected;
Control2;6;Control;16:05-18:05;;120;28,57%;uninfected;uninfected;
HS1;6;HS;16:05-18:05;32;5;0,00%;uninfected;uninfected;
HS1;6;HS;16:05-18:05;;10;0,00%;uninfected;uninfected;
HS1;6;HS;16:05-18:05;;15;0,00%;uninfected;uninfected;
HS1;6;HS;16:05-18:05;;20;0,00%;uninfected;uninfected;
HS1;6;HS;16:05-18:05;;25;0,00%;uninfected;uninfected;
HS1;6;HS;16:05-18:05;;30;0,00%;uninfected;uninfected;
HS1;6;HS;16:05-18:05;;35;57,14%;uninfected;uninfected;
HS1;6;HS;16:05-18:05;;40;57,14%;uninfected;uninfected;
HS1;6;HS;16:05-18:05;;45;57,14%;uninfected;uninfected;
HS1;6;HS;16:05-18:05;;50;57,14%;uninfected;uninfected;
HS1;6;HS;16:05-18:05;;55;57,14%;uninfected;uninfected;
HS1;6;HS;16:05-18:05;;60;57,14%;uninfected;uninfected;
HS1;6;HS;16:05-18:05;;65;57,14%;uninfected;uninfected;
HS1;6;HS;16:05-18:05;;70;57,14%;uninfected;uninfected;
HS1;6;HS;16:05-18:05;;75;57,14%;uninfected;uninfected;
HS1;6;HS;16:05-18:05;;80;57,14%;uninfected;uninfected;
HS1;6;HS;16:05-18:05;;85;57,14%;uninfected;uninfected;
HS1;6;HS;16:05-18:05;;90;57,14%;uninfected;uninfected;
HS1;6;HS;16:05-18:05;;95;57,14%;uninfected;uninfected;
HS1;6;HS;16:05-18:05;;100;57,14%;uninfected;uninfected;
HS1;6;HS;16:05-18:05;;105;57,14%;uninfected;uninfected;
HS1;6;HS;16:05-18:05;;110;57,14%;uninfected;uninfected;
HS1;6;HS;16:05-18:05;;115;57,14%;uninfected;uninfected;
HS1;6;HS;16:05-18:05;;120;57,14%;uninfected;uninfected;
HS2;6;HS;16:05-18:05;23;5;0,00%;infected;infected;
HS2;6;HS;16:05-18:05;;10;0,00%;infected;infected;
HS2;6;HS;16:05-18:05;;15;0,00%;infected;infected;
HS2;6;HS;16:05-18:05;;20;0,00%;infected;infected;
HS2;6;HS;16:05-18:05;;25;28,57%;infected;infected;
HS2;6;HS;16:05-18:05;;30;28,57%;infected;infected;
HS2;6;HS;16:05-18:05;;35;28,57%;infected;infected;
HS2;6;HS;16:05-18:05;;40;0,00%;infected;infected;
HS2;6;HS;16:05-18:05;;45;0,00%;infected;infected;
HS2;6;HS;16:05-18:05;;50;0,00%;infected;infected;
HS2;6;HS;16:05-18:05;;55;0,00%;infected;infected;
HS2;6;HS;16:05-18:05;;60;0,00%;infected;infected;
HS2;6;HS;16:05-18:05;;65;0,00%;infected;infected;
HS2;6;HS;16:05-18:05;;70;0,00%;infected;infected;
HS2;6;HS;16:05-18:05;;75;0,00%;infected;infected;
HS2;6;HS;16:05-18:05;;80;0,00%;infected;infected;
HS2;6;HS;16:05-18:05;;85;0,00%;infected;infected;
HS2;6;HS;16:05-18:05;;90;0,00%;infected;infected;
HS2;6;HS;16:05-18:05;;95;0,00%;infected;infected;
HS2;6;HS;16:05-18:05;;100;0,00%;infected;infected;
HS2;6;HS;16:05-18:05;;105;0,00%;infected;infected;
HS2;6;HS;16:05-18:05;;110;0,00%;infected;infected;
HS2;6;HS;16:05-18:05;;115;0,00%;infected;infected;
HS2;6;HS;16:05-18:05;;120;0,00%;infected;infected;
HT1;6;HT;16:05-18:05;34;5;0,00%;infected;infected;
HT1;6;HT;16:05-18:05;;10;0,00%;infected;infected;
HT1;6;HT;16:05-18:05;;15;0,00%;infected;infected;
HT1;6;HT;16:05-18:05;;20;0,00%;infected;infected;
HT1;6;HT;16:05-18:05;;25;0,00%;infected;infected;
HT1;6;HT;16:05-18:05;;30;0,00%;infected;infected;
HT1;6;HT;16:05-18:05;;35;28,57%;infected;infected;
HT1;6;HT;16:05-18:05;;40;57,14%;infected;infected;
HT1;6;HT;16:05-18:05;;45;57,14%;infected;infected;
HT1;6;HT;16:05-18:05;;50;57,14%;infected;infected;
HT1;6;HT;16:05-18:05;;55;57,14%;infected;infected;
HT1;6;HT;16:05-18:05;;60;57,14%;infected;infected;
HT1;6;HT;16:05-18:05;;65;57,14%;infected;infected;
HT1;6;HT;16:05-18:05;;70;57,14%;infected;infected;
HT1;6;HT;16:05-18:05;;75;57,14%;infected;infected;
HT1;6;HT;16:05-18:05;;80;57,14%;infected;infected;
HT1;6;HT;16:05-18:05;;85;57,14%;infected;infected;
HT1;6;HT;16:05-18:05;;90;57,14%;infected;infected;
HT1;6;HT;16:05-18:05;;95;57,14%;infected;infected;
HT1;6;HT;16:05-18:05;;100;57,14%;infected;infected;
HT1;6;HT;16:05-18:05;;105;57,14%;infected;infected;
HT1;6;HT;16:05-18:05;;110;57,14%;infected;infected;
HT1;6;HT;16:05-18:05;;115;57,14%;infected;infected;
HT1;6;HT;16:05-18:05;;120;57,14%;infected;infected;
HT2;6;HT;16:05-18:05;11;5;0,00%;uninfected;uninfected;
HT2;6;HT;16:05-18:05;;10;0,00%;uninfected;uninfected;
HT2;6;HT;16:05-18:05;;15;28,57%;uninfected;uninfected;
HT2;6;HT;16:05-18:05;;20;28,57%;uninfected;uninfected;
HT2;6;HT;16:05-18:05;;25;28,57%;uninfected;uninfected;
HT2;6;HT;16:05-18:05;;30;28,57%;uninfected;uninfected;
HT2;6;HT;16:05-18:05;;35;28,57%;uninfected;uninfected;
HT2;6;HT;16:05-18:05;;40;28,57%;uninfected;uninfected;
HT2;6;HT;16:05-18:05;;45;28,57%;uninfected;uninfected;
HT2;6;HT;16:05-18:05;;50;57,14%;uninfected;uninfected;
HT2;6;HT;16:05-18:05;;55;57,14%;uninfected;uninfected;
HT2;6;HT;16:05-18:05;;60;57,14%;uninfected;uninfected;
HT2;6;HT;16:05-18:05;;65;57,14%;uninfected;uninfected;
HT2;6;HT;16:05-18:05;;70;57,14%;uninfected;uninfected;
HT2;6;HT;16:05-18:05;;75;57,14%;uninfected;uninfected;
HT2;6;HT;16:05-18:05;;80;57,14%;uninfected;uninfected;
HT2;6;HT;16:05-18:05;;85;57,14%;uninfected;uninfected;
HT2;6;HT;16:05-18:05;;90;57,14%;uninfected;uninfected;
HT2;6;HT;16:05-18:05;;95;57,14%;uninfected;uninfected;
HT2;6;HT;16:05-18:05;;100;57,14%;uninfected;uninfected;
HT2;6;HT;16:05-18:05;;105;57,14%;uninfected;uninfected;
HT2;6;HT;16:05-18:05;;110;57,14%;uninfected;uninfected;
HT2;6;HT;16:05-18:05;;115;57,14%;uninfected;uninfected;
HT2;6;HT;16:05-18:05;;120;57,14%;uninfected;uninfected;